{"v":"5.10.2","fr":30,"ip":0,"op":76,"w":1270,"h":992,"nm":"BIG print","ddd":0,"assets":[],"layers":[{"ddd":0,"ind":1,"ty":4,"nm":"єлипс центр 2","sr":1,"ks":{"o":{"a":0,"k":100,"ix":11},"r":{"a":0,"k":0,"ix":10},"p":{"a":0,"k":[1141.125,185.375,0],"ix":2,"l":2},"a":{"a":0,"k":[271.125,-67.625,0],"ix":1,"l":2},"s":{"a":0,"k":[292,292,100],"ix":6,"l":2}},"ao":0,"shapes":[{"ty":"gr","it":[{"d":1,"ty":"el","s":{"a":0,"k":[47.75,76.75],"ix":2},"p":{"a":0,"k":[0,0],"ix":3},"nm":"Ellipse Path 1","mn":"ADBE Vector Shape - Ellipse","hd":false},{"ty":"st","c":{"a":0,"k":[0,0,0,1],"ix":3},"o":{"a":0,"k":100,"ix":4},"w":{"a":0,"k":1,"ix":5},"lc":1,"lj":1,"ml":4,"bm":0,"nm":"Stroke 1","mn":"ADBE Vector Graphic - Stroke","hd":false},{"ty":"tr","p":{"a":0,"k":[271.125,-67.625],"ix":2},"a":{"a":0,"k":[0,0],"ix":1},"s":{"a":0,"k":[100,100],"ix":3},"r":{"a":0,"k":0,"ix":6},"o":{"a":0,"k":100,"ix":7},"sk":{"a":0,"k":0,"ix":4},"sa":{"a":0,"k":0,"ix":5},"nm":"Transform"}],"nm":"Ellipse 1","np":3,"cix":2,"bm":0,"ix":1,"mn":"ADBE Vector Group","hd":false},{"ty":"tm","s":{"a":0,"k":0,"ix":1},"e":{"a":1,"k":[{"i":{"x":[0.667],"y":[1]},"o":{"x":[0.649],"y":[0]},"t":11,"s":[0]},{"i":{"x":[0.667],"y":[1]},"o":{"x":[0.167],"y":[0]},"t":39,"s":[39]},{"i":{"x":[0.833],"y":[1]},"o":{"x":[0.487],"y":[0]},"t":53,"s":[39]},{"t":75,"s":[0]}],"ix":2},"o":{"a":1,"k":[{"i":{"x":[0.667],"y":[1]},"o":{"x":[0.649],"y":[0]},"t":11,"s":[0]},{"i":{"x":[0.667],"y":[1]},"o":{"x":[0.167],"y":[0]},"t":39,"s":[200]},{"i":{"x":[0.833],"y":[1]},"o":{"x":[0.487],"y":[0]},"t":53,"s":[200]},{"t":75,"s":[0]}],"ix":3},"m":1,"ix":2,"nm":"Trim Paths 1","mn":"ADBE Vector Filter - Trim","hd":false}],"ip":0,"op":150,"st":0,"ct":1,"bm":0},{"ddd":0,"ind":2,"ty":4,"nm":"єлипс центр 3","sr":1,"ks":{"o":{"a":0,"k":100,"ix":11},"r":{"a":0,"k":0,"ix":10},"p":{"a":0,"k":[1141.125,185.375,0],"ix":2,"l":2},"a":{"a":0,"k":[271.125,-67.625,0],"ix":1,"l":2},"s":{"a":0,"k":[-292,-292,100],"ix":6,"l":2}},"ao":0,"shapes":[{"ty":"gr","it":[{"d":1,"ty":"el","s":{"a":0,"k":[47.75,76.75],"ix":2},"p":{"a":0,"k":[0,0],"ix":3},"nm":"Ellipse Path 1","mn":"ADBE Vector Shape - Ellipse","hd":false},{"ty":"st","c":{"a":0,"k":[0,0,0,1],"ix":3},"o":{"a":0,"k":100,"ix":4},"w":{"a":0,"k":1,"ix":5},"lc":1,"lj":1,"ml":4,"bm":0,"nm":"Stroke 1","mn":"ADBE Vector Graphic - Stroke","hd":false},{"ty":"tr","p":{"a":0,"k":[271.125,-67.625],"ix":2},"a":{"a":0,"k":[0,0],"ix":1},"s":{"a":0,"k":[100,100],"ix":3},"r":{"a":0,"k":0,"ix":6},"o":{"a":0,"k":100,"ix":7},"sk":{"a":0,"k":0,"ix":4},"sa":{"a":0,"k":0,"ix":5},"nm":"Transform"}],"nm":"Ellipse 1","np":3,"cix":2,"bm":0,"ix":1,"mn":"ADBE Vector Group","hd":false},{"ty":"tm","s":{"a":0,"k":0,"ix":1},"e":{"a":1,"k":[{"i":{"x":[0.667],"y":[1]},"o":{"x":[0.649],"y":[0]},"t":11,"s":[0]},{"i":{"x":[0.667],"y":[1]},"o":{"x":[0.167],"y":[0]},"t":39,"s":[5]},{"i":{"x":[0.833],"y":[1]},"o":{"x":[0.167],"y":[0]},"t":53,"s":[5]},{"t":75,"s":[0]}],"ix":2},"o":{"a":1,"k":[{"i":{"x":[0.667],"y":[1]},"o":{"x":[0.649],"y":[0]},"t":11,"s":[0]},{"i":{"x":[0.667],"y":[1]},"o":{"x":[0.167],"y":[0]},"t":39,"s":[200]},{"i":{"x":[0.667],"y":[1]},"o":{"x":[0.487],"y":[0]},"t":53,"s":[200]},{"t":75,"s":[0]}],"ix":3},"m":1,"ix":2,"nm":"Trim Paths 1","mn":"ADBE Vector Filter - Trim","hd":false}],"ip":0,"op":150,"st":0,"ct":1,"bm":0},{"ddd":0,"ind":4,"ty":4,"nm":"Layer 2/New Outlines","sr":1,"ks":{"o":{"a":0,"k":100,"ix":11},"r":{"a":0,"k":0,"ix":10},"p":{"a":0,"k":[635,496,0],"ix":2,"l":2},"a":{"a":0,"k":[635,496,0],"ix":1,"l":2},"s":{"a":0,"k":[100,100,100],"ix":6,"l":2}},"ao":0,"shapes":[{"ty":"gr","it":[{"ind":0,"ty":"sh","ix":1,"ks":{"a":0,"k":{"i":[[0,-19.819],[8.3,-12.863],[12.23,0],[8.32,12.88],[0,19.819],[-8.3,12.863],[-12.24,0],[-8.32,-12.88]],"o":[[0,19.819],[-8.32,12.88],[-12.24,0],[-8.3,-12.863],[0,-19.819],[8.32,-12.88],[12.23,0],[8.3,12.863]],"v":[[45.345,0],[31.855,50.549],[0.005,71.111],[-31.855,50.549],[-45.345,0],[-31.855,-50.549],[0.005,-71.111],[31.855,-50.549]],"c":true},"ix":2},"nm":"Path 1","mn":"ADBE Vector Shape - Group","hd":false},{"ty":"st","c":{"a":0,"k":[0.129411764706,0.117647066303,0.121568634931,1],"ix":3},"o":{"a":0,"k":100,"ix":4},"w":{"a":0,"k":3.233,"ix":5},"lc":1,"lj":1,"ml":4,"bm":0,"nm":"Stroke 1","mn":"ADBE Vector Graphic - Stroke","hd":false},{"ty":"fl","c":{"a":0,"k":[0.913725550034,0.901960844152,0.854902020623,1],"ix":4},"o":{"a":0,"k":100,"ix":5},"r":1,"bm":0,"nm":"Fill 1","mn":"ADBE Vector Graphic - Fill","hd":false},{"ty":"tr","p":{"a":0,"k":[1143.125,186.601],"ix":2},"a":{"a":0,"k":[0,0],"ix":1},"s":{"a":0,"k":[100,100],"ix":3},"r":{"a":0,"k":0,"ix":6},"o":{"a":0,"k":100,"ix":7},"sk":{"a":0,"k":0,"ix":4},"sa":{"a":0,"k":0,"ix":5},"nm":"Transform"}],"nm":"Group 1","np":3,"cix":2,"bm":0,"ix":1,"mn":"ADBE Vector Group","hd":false}],"ip":0,"op":76,"st":0,"ct":1,"bm":0},{"ddd":0,"ind":5,"ty":4,"nm":"Layer 3/New Outlines","sr":1,"ks":{"o":{"a":0,"k":100,"ix":11},"r":{"a":0,"k":0,"ix":10},"p":{"a":0,"k":[635,496,0],"ix":2,"l":2},"a":{"a":0,"k":[635,496,0],"ix":1,"l":2},"s":{"a":0,"k":[100,100,100],"ix":6,"l":2}},"ao":0,"shapes":[{"ty":"gr","it":[{"ind":0,"ty":"sh","ix":1,"ks":{"a":0,"k":{"i":[[0,-49.213],[20.75,-32.126],[31.22,0],[21.08,31.977],[0,49.205],[-21.07,32.294],[-31.21,0],[-20.76,-32.143]],"o":[[0,49.213],[-20.76,32.142],[-31.23,0],[-21.07,-31.961],[0,-49.205],[21.09,-32.314],[31.22,0],[20.75,32.126]],"v":[[114.75,0],[81.12,125.818],[0.66,177.557],[-80.46,126.136],[-114.75,0.661],[-80.46,-125.481],[0.66,-177.557],[81.12,-125.818]],"c":true},"ix":2},"nm":"Path 1","mn":"ADBE Vector Shape - Group","hd":false},{"ty":"st","c":{"a":0,"k":[0.129411764706,0.117647066303,0.121568634931,1],"ix":3},"o":{"a":0,"k":100,"ix":4},"w":{"a":0,"k":3.233,"ix":5},"lc":1,"lj":1,"ml":4,"bm":0,"nm":"Stroke 1","mn":"ADBE Vector Graphic - Stroke","hd":false},{"ty":"fl","c":{"a":0,"k":[0.980392216701,0.705882352941,0.086274509804,1],"ix":4},"o":{"a":0,"k":100,"ix":5},"r":1,"bm":0,"nm":"Fill 1","mn":"ADBE Vector Graphic - Fill","hd":false},{"ty":"tr","p":{"a":0,"k":[1142.44,187.261],"ix":2},"a":{"a":0,"k":[0,0],"ix":1},"s":{"a":0,"k":[100,100],"ix":3},"r":{"a":0,"k":0,"ix":6},"o":{"a":0,"k":100,"ix":7},"sk":{"a":0,"k":0,"ix":4},"sa":{"a":0,"k":0,"ix":5},"nm":"Transform"}],"nm":"Group 1","np":3,"cix":2,"bm":0,"ix":1,"mn":"ADBE Vector Group","hd":false}],"ip":0,"op":76,"st":0,"ct":1,"bm":0},{"ddd":0,"ind":6,"ty":4,"nm":"Layer 4/New Outlines","sr":1,"ks":{"o":{"a":0,"k":100,"ix":11},"r":{"a":0,"k":0,"ix":10},"p":{"a":0,"k":[635,496,0],"ix":2,"l":2},"a":{"a":0,"k":[635,496,0],"ix":1,"l":2},"s":{"a":0,"k":[100,100,100],"ix":6,"l":2}},"ao":0,"shapes":[{"ty":"gr","it":[{"ind":0,"ty":"sh","ix":1,"ks":{"a":0,"k":{"i":[[0,0],[0,0],[0,0]],"o":[[0,0],[0,0],[0,0]],"v":[[566.604,-306.694],[566.604,51.653],[450.904,51.653]],"c":false},"ix":2},"nm":"Path 1","mn":"ADBE Vector Shape - Group","hd":false},{"ind":1,"ty":"sh","ix":2,"ks":{"a":0,"k":{"i":[[0,0],[0,0],[0,0]],"o":[[0,0],[0,0],[0,0]],"v":[[566.604,-306.694],[450.904,-99.751],[450.904,51.653]],"c":false},"ix":2},"nm":"Path 2","mn":"ADBE Vector Shape - Group","hd":false},{"ind":2,"ty":"sh","ix":3,"ks":{"a":1,"k":[{"i":{"x":0.833,"y":1},"o":{"x":0.24,"y":0},"t":2,"s":[{"i":[[0,0],[0,0],[-1.402,-81.302],[0,0],[0,0],[0,0],[0,0],[0,0],[0,0]],"o":[[0,0],[-81.313,0],[0,0],[0,0],[0,0],[0,0],[0,0],[0,0],[0,0]],"v":[[566.604,-306.694],[-419.769,-306.694],[-565.202,-158.73],[-559.446,175.037],[-559.052,197.87],[-557.175,306.694],[450.904,306.694],[450.904,214.053],[450.904,51.654]],"c":false}]},{"i":{"x":0.833,"y":0.833},"o":{"x":0.81,"y":0},"t":11,"s":[{"i":[[0,0],[0,0],[-1.402,-81.302],[0,0],[0,0],[0,0],[0,0],[0,0],[0,0]],"o":[[0,0],[-81.313,0],[0,0],[0,0],[0,0],[0,0],[0,0],[0,0],[0,0]],"v":[[566.604,-306.694],[-419.769,-306.694],[-565.202,-158.73],[-559.446,175.037],[-559.052,197.87],[-557.175,306.694],[450.904,306.694],[450.904,214.053],[450.904,51.654]],"c":false}]},{"i":{"x":0.529,"y":1},"o":{"x":0.167,"y":0.167},"t":27,"s":[{"i":[[0,0],[0,0],[-1.402,-81.302],[0,0],[-0.274,-17.707],[0,0],[0,0],[0.112,49.075],[0,0]],"o":[[0,0],[-81.313,0],[0,0],[0,0],[0.761,49.116],[0,0],[0,0],[-0.163,-71.272],[0,0]],"v":[[566.604,-306.694],[-419.769,-306.694],[-565.202,-158.73],[-569.706,212.974],[-569.383,265.313],[-556.35,412.694],[451.729,412.694],[440.392,265.438],[450.904,51.654]],"c":false}]},{"i":{"x":0.833,"y":1},"o":{"x":0.167,"y":0},"t":40,"s":[{"i":[[0,0],[0,0],[-1.402,-81.302],[0,0],[0,0],[0,0],[0,0],[0,0],[0,0]],"o":[[0,0],[-81.313,0],[0,0],[0,0],[0,0],[0,0],[0,0],[0,0],[0,0]],"v":[[566.604,-306.694],[-419.769,-306.694],[-565.202,-158.73],[-559.049,434.636],[-558.628,475.228],[-556.621,668.693],[451.458,668.693],[451.257,444.562],[450.904,51.654]],"c":false}]},{"i":{"x":0.833,"y":1},"o":{"x":0.167,"y":0},"t":53,"s":[{"i":[[0,0],[0,0],[-1.402,-81.302],[0,0],[0,0],[0,0],[0,0],[0,0],[0,0]],"o":[[0,0],[-81.313,0],[0,0],[0,0],[0,0],[0,0],[0,0],[0,0],[0,0]],"v":[[566.604,-306.694],[-419.769,-306.694],[-565.202,-158.73],[-559.049,434.636],[-558.628,475.228],[-556.621,668.693],[451.458,668.693],[451.257,444.562],[450.904,51.654]],"c":false}]},{"t":75,"s":[{"i":[[0,0],[0,0],[-1.402,-81.302],[0,0],[0,0],[0,0],[0,0],[0,0],[0,0]],"o":[[0,0],[-81.313,0],[0,0],[0,0],[0,0],[0,0],[0,0],[0,0],[0,0]],"v":[[566.604,-306.694],[-419.769,-306.694],[-565.202,-158.73],[-559.446,175.037],[-559.052,197.87],[-557.175,306.694],[450.904,306.694],[450.904,214.053],[450.904,51.654]],"c":false}]}],"ix":2},"nm":"Path 3","mn":"ADBE Vector Shape - Group","hd":false},{"ty":"mm","mm":1,"nm":"Merge Paths 1","mn":"ADBE Vector Filter - Merge","hd":false},{"ty":"st","c":{"a":0,"k":[0.129411764706,0.117647066303,0.121568634931,1],"ix":3},"o":{"a":0,"k":100,"ix":4},"w":{"a":0,"k":3.233,"ix":5},"lc":1,"lj":1,"ml":4,"bm":0,"nm":"Stroke 1","mn":"ADBE Vector Graphic - Stroke","hd":false},{"ty":"tr","p":{"a":0,"k":[577.156,314.78],"ix":2},"a":{"a":0,"k":[0,0],"ix":1},"s":{"a":0,"k":[100,100],"ix":3},"r":{"a":0,"k":0,"ix":6},"o":{"a":0,"k":100,"ix":7},"sk":{"a":0,"k":0,"ix":4},"sa":{"a":0,"k":0,"ix":5},"nm":"Transform"}],"nm":"Group 1","np":5,"cix":2,"bm":0,"ix":1,"mn":"ADBE Vector Group","hd":false},{"ty":"gr","it":[{"ind":0,"ty":"sh","ix":1,"ks":{"a":1,"k":[{"i":{"x":0.833,"y":1},"o":{"x":0.24,"y":0},"t":2,"s":[{"i":[[-81.313,0],[0,0],[0,0],[0,0],[0,0],[0,0],[0,0],[0,0],[0,0]],"o":[[0,0],[0,0],[0,0],[0,0],[0,0],[0,0],[0,0],[0,0],[-1.402,-81.302]],"v":[[-419.769,-306.694],[566.604,-306.694],[566.604,51.654],[450.904,51.654],[450.904,214.182],[450.904,306.694],[-557.175,306.694],[-558.499,229.928],[-565.202,-158.73]],"c":true}]},{"i":{"x":0.833,"y":0.833},"o":{"x":0.81,"y":0},"t":11,"s":[{"i":[[-81.313,0],[0,0],[0,0],[0,0],[0,0],[0,0],[0,0],[0,0],[0,0]],"o":[[0,0],[0,0],[0,0],[0,0],[0,0],[0,0],[0,0],[0,0],[-1.402,-81.302]],"v":[[-419.769,-306.694],[566.604,-306.694],[566.604,51.654],[450.904,51.654],[450.904,214.182],[450.904,306.694],[-557.175,306.694],[-558.499,229.928],[-565.202,-158.73]],"c":true}]},{"i":{"x":0.529,"y":1},"o":{"x":0.167,"y":0.167},"t":27,"s":[{"i":[[-81.313,0],[0,0],[0,0],[0,0],[-0.163,-71.314],[0,0],[0,0],[0.76,49.075],[0,0]],"o":[[0,0],[0,0],[0,0],[0,0],[0.112,49.033],[0,0],[0,0],[-2.19,-141.4],[-1.402,-81.302]],"v":[[-419.769,-306.694],[566.604,-306.694],[566.604,51.654],[450.904,51.654],[440.393,265.689],[451.729,412.694],[-556.35,412.694],[-569.631,265.469],[-565.202,-158.73]],"c":true}]},{"i":{"x":0.833,"y":1},"o":{"x":0.167,"y":0},"t":40,"s":[{"i":[[-81.313,0],[0,0],[0,0],[0,0],[0,0],[0,0],[0,0],[0,0],[0,0]],"o":[[0,0],[0,0],[0,0],[0,0],[0,0],[0,0],[0,0],[0,0],[-1.402,-81.302]],"v":[[-419.769,-306.694],[566.604,-306.694],[566.604,51.654],[450.904,51.654],[451.257,444.872],[451.458,668.693],[-556.621,668.693],[-558.036,532.22],[-565.202,-158.73]],"c":true}]},{"i":{"x":0.833,"y":1},"o":{"x":0.167,"y":0},"t":53,"s":[{"i":[[-81.313,0],[0,0],[0,0],[0,0],[0,0],[0,0],[0,0],[0,0],[0,0]],"o":[[0,0],[0,0],[0,0],[0,0],[0,0],[0,0],[0,0],[0,0],[-1.402,-81.302]],"v":[[-419.769,-306.694],[566.604,-306.694],[566.604,51.654],[450.904,51.654],[451.257,444.872],[451.458,668.693],[-556.621,668.693],[-558.036,532.22],[-565.202,-158.73]],"c":true}]},{"t":75,"s":[{"i":[[-81.313,0],[0,0],[0,0],[0,0],[0,0],[0,0],[0,0],[0,0],[0,0]],"o":[[0,0],[0,0],[0,0],[0,0],[0,0],[0,0],[0,0],[0,0],[-1.402,-81.302]],"v":[[-419.769,-306.694],[566.604,-306.694],[566.604,51.654],[450.904,51.654],[450.904,214.182],[450.904,306.694],[-557.175,306.694],[-558.499,229.928],[-565.202,-158.73]],"c":true}]}],"ix":2},"nm":"Path 1","mn":"ADBE Vector Shape - Group","hd":false},{"ty":"fl","c":{"a":0,"k":[0.980392216701,0.705882352941,0.086274509804,1],"ix":4},"o":{"a":0,"k":100,"ix":5},"r":1,"bm":0,"nm":"Fill 1","mn":"ADBE Vector Graphic - Fill","hd":false},{"ty":"tr","p":{"a":0,"k":[577.156,314.78],"ix":2},"a":{"a":0,"k":[0,0],"ix":1},"s":{"a":0,"k":[100,100],"ix":3},"r":{"a":0,"k":0,"ix":6},"o":{"a":0,"k":100,"ix":7},"sk":{"a":0,"k":0,"ix":4},"sa":{"a":0,"k":0,"ix":5},"nm":"Transform"}],"nm":"Group 2","np":2,"cix":2,"bm":0,"ix":2,"mn":"ADBE Vector Group","hd":false}],"ip":0,"op":76,"st":0,"ct":1,"bm":0}],"markers":[]}