{"v":"5.10.2","fr":30,"ip":0,"op":80,"w":364,"h":311,"nm":"cup print 3","ddd":0,"assets":[],"layers":[{"ddd":0,"ind":1,"ty":4,"nm":"круг 2","parent":8,"td":1,"sr":1,"ks":{"o":{"a":0,"k":100,"ix":11},"r":{"a":0,"k":0,"ix":10},"p":{"a":0,"k":[117.985,5.613,0],"ix":2,"l":2},"a":{"a":0,"k":[108.297,37.547,0],"ix":1,"l":2},"s":{"a":0,"k":[100,100,100],"ix":6,"l":2}},"ao":0,"shapes":[{"ty":"gr","it":[{"ind":0,"ty":"sh","ix":1,"ks":{"a":0,"k":{"i":[[0.06,-4.638],[5.388,-4.194],[9.706,-3.141],[29.582,0.385],[19.234,6.782],[5.27,4.325],[-0.061,4.638],[-5.389,4.194],[-9.707,3.141],[-29.582,-0.384],[-19.235,-6.782],[-5.27,-4.326]],"o":[[-0.06,4.638],[-5.381,4.186],[-19.404,6.28],[-29.582,-0.384],[-9.622,-3.392],[-5.278,-4.332],[0.06,-4.638],[5.38,-4.187],[19.404,-6.28],[29.582,0.384],[9.622,3.393],[5.278,4.332]],"v":[[106.508,1.383],[98.22,14.731],[75.324,25.829],[-0.46,35.432],[-75.969,23.864],[-98.569,12.175],[-106.507,-1.383],[-98.22,-14.731],[-75.324,-25.829],[0.461,-35.433],[75.969,-23.865],[98.569,-12.175]],"c":true},"ix":2},"nm":"Path 1","mn":"ADBE Vector Shape - Group","hd":false},{"ty":"st","c":{"a":0,"k":[0.129411764706,0.117647066303,0.121568634931,1],"ix":3},"o":{"a":0,"k":100,"ix":4},"w":{"a":0,"k":1.73,"ix":5},"lc":1,"lj":1,"ml":4,"bm":0,"nm":"Stroke 1","mn":"ADBE Vector Graphic - Stroke","hd":false},{"ty":"tr","p":{"a":0,"k":[108.297,37.547],"ix":2},"a":{"a":0,"k":[0,0],"ix":1},"s":{"a":0,"k":[100,100],"ix":3},"r":{"a":0,"k":0,"ix":6},"o":{"a":0,"k":100,"ix":7},"sk":{"a":0,"k":0,"ix":4},"sa":{"a":0,"k":0,"ix":5},"nm":"Transform"}],"nm":"Group 1","np":2,"cix":2,"bm":0,"ix":1,"mn":"ADBE Vector Group","hd":false},{"ty":"gr","it":[{"ind":0,"ty":"sh","ix":1,"ks":{"a":0,"k":{"i":[[0.06,-4.638],[5.388,-4.194],[9.706,-3.141],[29.582,0.385],[19.234,6.782],[5.27,4.325],[-0.061,4.638],[-5.389,4.194],[-9.707,3.141],[-29.582,-0.384],[-19.235,-6.782],[-5.27,-4.326]],"o":[[-0.06,4.638],[-5.381,4.186],[-19.404,6.28],[-29.582,-0.384],[-9.622,-3.392],[-5.278,-4.332],[0.06,-4.638],[5.38,-4.187],[19.404,-6.28],[29.582,0.384],[9.622,3.393],[5.278,4.332]],"v":[[106.508,1.383],[98.22,14.731],[75.324,25.829],[-0.46,35.432],[-75.969,23.864],[-98.569,12.175],[-106.507,-1.383],[-98.22,-14.731],[-75.324,-25.829],[0.461,-35.433],[75.969,-23.865],[98.569,-12.175]],"c":true},"ix":2},"nm":"Path 1","mn":"ADBE Vector Shape - Group","hd":false},{"ty":"fl","c":{"a":0,"k":[1,1,1,1],"ix":4},"o":{"a":0,"k":100,"ix":5},"r":1,"bm":0,"nm":"Fill 1","mn":"ADBE Vector Graphic - Fill","hd":false},{"ty":"tr","p":{"a":0,"k":[108.297,37.547],"ix":2},"a":{"a":0,"k":[0,0],"ix":1},"s":{"a":0,"k":[100,100],"ix":3},"r":{"a":0,"k":0,"ix":6},"o":{"a":0,"k":100,"ix":7},"sk":{"a":0,"k":0,"ix":4},"sa":{"a":0,"k":0,"ix":5},"nm":"Transform"}],"nm":"Group 2","np":4,"cix":2,"bm":0,"ix":2,"mn":"ADBE Vector Group","hd":false}],"ip":0,"op":900,"st":0,"ct":1,"bm":0},{"ddd":0,"ind":2,"ty":4,"nm":"Shape Layer 3","tt":1,"tp":1,"sr":1,"ks":{"o":{"a":0,"k":100,"ix":11},"r":{"a":0,"k":0,"ix":10},"p":{"a":0,"k":[182,155.5,0],"ix":2,"l":2},"a":{"a":0,"k":[0,0,0],"ix":1,"l":2},"s":{"a":0,"k":[100,100,100],"ix":6,"l":2}},"ao":0,"shapes":[{"ty":"gr","it":[{"ind":0,"ty":"sh","ix":1,"ks":{"a":1,"k":[{"i":{"x":0.667,"y":1},"o":{"x":0.333,"y":0},"t":0,"s":[{"i":[[0,0],[0,-3],[-17,-8.5],[-8.5,2],[3.5,9.5],[18,-3],[49.5,1.5]],"o":[[0,0],[0,3],[17,8.5],[8.5,-2],[-3.5,-9.5],[-18,3],[-30.424,-0.922]],"v":[[-139.5,-85.5],[-134,-83],[-85,-40.5],[24.5,-39],[123,-66],[74,-69.5],[-86,-72.5]],"c":true}]},{"i":{"x":0.667,"y":1},"o":{"x":0.333,"y":0},"t":27,"s":[{"i":[[0,0],[0,-3],[-17,-8.5],[-8.5,2],[3.5,9.5],[18,-3],[121.5,-7]],"o":[[0,0],[0,3],[17,8.5],[8.5,-2],[-3.5,-9.5],[-18,3],[-30.388,1.751]],"v":[[-170.5,-80.5],[-174.5,-64],[-125.5,-21.5],[-16,-20],[82.5,-47],[54,-96],[-63,-100]],"c":true}]},{"i":{"x":0.667,"y":1},"o":{"x":0.333,"y":0},"t":47,"s":[{"i":[[0,0],[0,-3],[-17,-8.5],[-8.5,2],[3.5,9.5],[18,-3],[109.5,-8]],"o":[[0,0],[0,3],[17,8.5],[8.5,-2],[-3.5,-9.5],[-18,3],[-30.76,2.247]],"v":[[-170.5,-78],[-174.5,-64],[-125.5,-21.5],[-16,-20],[82.5,-47],[58,-97],[-84.5,-92.5]],"c":true}]},{"i":{"x":0.667,"y":1},"o":{"x":0.333,"y":0},"t":70,"s":[{"i":[[0,0],[0,-3],[-17,-8.5],[-8.5,2],[3.5,9.5],[18,-3],[66.643,-1.214]],"o":[[0,0],[0,3],[17,8.5],[8.5,-2],[-3.5,-9.5],[-18,3],[-30.52,-0.016]],"v":[[-144.357,-67.857],[-145.571,-77.571],[-96.571,-35.071],[12.929,-33.571],[111.429,-60.571],[77.429,-97.357],[-65.571,-80.214]],"c":true}]},{"t":79,"s":[{"i":[[0,0],[0,-3],[-17,-8.5],[-8.5,2],[3.5,9.5],[18,-3],[49.5,1.5]],"o":[[0,0],[0,3],[17,8.5],[8.5,-2],[-3.5,-9.5],[-18,3],[-30.424,-0.922]],"v":[[-139.5,-85.5],[-134,-83],[-85,-40.5],[24.5,-39],[123,-66],[74,-69.5],[-86,-72.5]],"c":true}]}],"ix":2},"nm":"Path 1","mn":"ADBE Vector Shape - Group","hd":false},{"ty":"st","c":{"a":0,"k":[0,0,0,1],"ix":3},"o":{"a":0,"k":100,"ix":4},"w":{"a":0,"k":0,"ix":5},"lc":1,"lj":1,"ml":4,"bm":0,"nm":"Stroke 1","mn":"ADBE Vector Graphic - Stroke","hd":false},{"ty":"fl","c":{"a":0,"k":[0.247058823529,0.158117645862,0.098823524924,1],"ix":4},"o":{"a":0,"k":100,"ix":5},"r":1,"bm":0,"nm":"Fill 1","mn":"ADBE Vector Graphic - Fill","hd":false},{"ty":"tr","p":{"a":0,"k":[0,0],"ix":2},"a":{"a":0,"k":[0,0],"ix":1},"s":{"a":0,"k":[100,100],"ix":3},"r":{"a":0,"k":0,"ix":6},"o":{"a":0,"k":100,"ix":7},"sk":{"a":0,"k":0,"ix":4},"sa":{"a":0,"k":0,"ix":5},"nm":"Transform"}],"nm":"Shape 1","np":3,"cix":2,"bm":0,"ix":1,"mn":"ADBE Vector Group","hd":false}],"ip":0,"op":900,"st":0,"ct":1,"bm":0},{"ddd":0,"ind":5,"ty":4,"nm":"чашка","parent":8,"sr":1,"ks":{"o":{"a":0,"k":100,"ix":11},"r":{"a":0,"k":0,"ix":10},"p":{"a":0,"k":[116.691,129.198,0],"ix":2,"l":2},"a":{"a":0,"k":[70.998,13.033,0],"ix":1,"l":2},"s":{"a":0,"k":[100,100,100],"ix":6,"l":2}},"ao":0,"shapes":[{"ty":"gr","it":[{"ind":0,"ty":"sh","ix":1,"ks":{"a":0,"k":{"i":[[0,0],[0,0],[0,0],[0,0],[0,0],[0,0],[0,0],[0,0],[0,0],[0,0]],"o":[[0,0],[0,0],[0,0],[0,0],[0,0],[0,0],[0,0],[0,0],[0,0],[0,0]],"v":[[70.749,12.783],[70.749,-12.6],[68.971,-12.6],[51.529,9.484],[51.529,-12.6],[49.643,-12.6],[49.643,12.783],[51.057,12.783],[68.863,-9.773],[68.863,12.783]],"c":true},"ix":2},"nm":"Path 1","mn":"ADBE Vector Shape - Group","hd":false},{"ind":1,"ty":"sh","ix":2,"ks":{"a":0,"k":{"i":[[0,0],[0,0],[0,0],[0,0],[0,0],[0,0],[0,0],[0,0],[0,0],[0,0],[0,0],[0,0],[0,0]],"o":[[0,0],[0,0],[0,0],[0,0],[0,0],[0,0],[0,0],[0,0],[0,0],[0,0],[0,0],[0,0],[0,0]],"v":[[23.721,12.783],[25.607,12.783],[25.607,0.598],[30.684,0.598],[42.288,12.783],[44.899,12.783],[32.279,-0.38],[44.391,-12.6],[41.852,-12.6],[30.611,-1.141],[25.607,-1.141],[25.607,-12.6],[23.721,-12.6]],"c":true},"ix":2},"nm":"Path 2","mn":"ADBE Vector Shape - Group","hd":false},{"ind":2,"ty":"sh","ix":3,"ks":{"a":0,"k":{"i":[[0,0],[0,0],[0,0],[0,0],[0,0],[0,0],[0,0],[0,0],[0,0],[0,0],[0,0],[0,0]],"o":[[0,0],[0,0],[0,0],[0,0],[0,0],[0,0],[0,0],[0,0],[0,0],[0,0],[0,0],[0,0]],"v":[[-15.8,12.783],[16.184,12.783],[16.184,-12.6],[14.298,-12.6],[14.298,11.042],[1.135,11.042],[1.135,-12.6],[-0.751,-12.6],[-0.751,11.042],[-13.914,11.042],[-13.914,-12.6],[-15.8,-12.6]],"c":true},"ix":2},"nm":"Path 3","mn":"ADBE Vector Shape - Group","hd":false},{"ind":3,"ty":"sh","ix":4,"ks":{"a":0,"k":{"i":[[0,0],[0,0],[0,0]],"o":[[0,0],[0,0],[0,0]],"v":[[-40.641,3.971],[-33.932,-10.715],[-27.26,3.971]],"c":true},"ix":2},"nm":"Path 4","mn":"ADBE Vector Shape - Group","hd":false},{"ind":4,"ty":"sh","ix":5,"ks":{"a":0,"k":{"i":[[0,0],[0,0],[0,0],[0,0],[0,0],[0,0],[0,0],[0,0]],"o":[[0,0],[0,0],[0,0],[0,0],[0,0],[0,0],[0,0],[0,0]],"v":[[-46.624,12.783],[-44.666,12.783],[-41.439,5.676],[-26.462,5.676],[-23.235,12.783],[-21.168,12.783],[-32.989,-12.783],[-34.803,-12.783]],"c":true},"ix":2},"nm":"Path 5","mn":"ADBE Vector Shape - Group","hd":false},{"ind":5,"ty":"sh","ix":6,"ks":{"a":0,"k":{"i":[[0,0],[0,0],[0,0],[0,0],[0,0],[2.067,0],[0,5.186],[0,0],[0,0],[0,0],[-5.947,0],[-2.466,0.835]],"o":[[0,0],[0,0],[0,0],[0,0],[-2.575,0.834],[-5.222,0],[0,0],[0,0],[0,0],[0,6.056],[2.139,0],[0,0]],"v":[[-53.886,12.783],[-52.001,12.783],[-52.001,-12.6],[-53.886,-12.6],[-53.886,0.417],[-61.175,1.615],[-68.863,-5.493],[-68.863,-12.6],[-70.749,-12.6],[-70.749,-5.059],[-61.32,3.355],[-53.886,2.158]],"c":true},"ix":2},"nm":"Path 6","mn":"ADBE Vector Shape - Group","hd":false},{"ty":"mm","mm":1,"nm":"Merge Paths 1","mn":"ADBE Vector Filter - Merge","hd":false},{"ty":"fl","c":{"a":0,"k":[0.129411764706,0.117647066303,0.121568634931,1],"ix":4},"o":{"a":0,"k":100,"ix":5},"r":1,"bm":0,"nm":"Fill 1","mn":"ADBE Vector Graphic - Fill","hd":false},{"ty":"tr","p":{"a":0,"k":[70.998,13.032],"ix":2},"a":{"a":0,"k":[0,0],"ix":1},"s":{"a":0,"k":[100,100],"ix":3},"r":{"a":0,"k":0,"ix":6},"o":{"a":0,"k":100,"ix":7},"sk":{"a":0,"k":0,"ix":4},"sa":{"a":0,"k":0,"ix":5},"nm":"Transform"}],"nm":"Group 1","np":10,"cix":2,"bm":0,"ix":1,"mn":"ADBE Vector Group","hd":false}],"ip":0,"op":900,"st":0,"ct":1,"bm":0},{"ddd":0,"ind":6,"ty":4,"nm":"круг","parent":8,"sr":1,"ks":{"o":{"a":0,"k":100,"ix":11},"r":{"a":0,"k":0,"ix":10},"p":{"a":0,"k":[117.985,5.613,0],"ix":2,"l":2},"a":{"a":0,"k":[108.297,37.547,0],"ix":1,"l":2},"s":{"a":0,"k":[100,100,100],"ix":6,"l":2}},"ao":0,"shapes":[{"ty":"gr","it":[{"ind":0,"ty":"sh","ix":1,"ks":{"a":0,"k":{"i":[[0.06,-4.638],[5.388,-4.194],[9.706,-3.141],[29.582,0.385],[19.234,6.782],[5.27,4.325],[-0.061,4.638],[-5.389,4.194],[-9.707,3.141],[-29.582,-0.384],[-19.235,-6.782],[-5.27,-4.326]],"o":[[-0.06,4.638],[-5.381,4.186],[-19.404,6.28],[-29.582,-0.384],[-9.622,-3.392],[-5.278,-4.332],[0.06,-4.638],[5.38,-4.187],[19.404,-6.28],[29.582,0.384],[9.622,3.393],[5.278,4.332]],"v":[[106.508,1.383],[98.22,14.731],[75.324,25.829],[-0.46,35.432],[-75.969,23.864],[-98.569,12.175],[-106.507,-1.383],[-98.22,-14.731],[-75.324,-25.829],[0.461,-35.433],[75.969,-23.865],[98.569,-12.175]],"c":true},"ix":2},"nm":"Path 1","mn":"ADBE Vector Shape - Group","hd":false},{"ty":"st","c":{"a":0,"k":[0.129411764706,0.117647066303,0.121568634931,1],"ix":3},"o":{"a":0,"k":100,"ix":4},"w":{"a":0,"k":1.73,"ix":5},"lc":1,"lj":1,"ml":4,"bm":0,"nm":"Stroke 1","mn":"ADBE Vector Graphic - Stroke","hd":false},{"ty":"tr","p":{"a":0,"k":[108.297,37.547],"ix":2},"a":{"a":0,"k":[0,0],"ix":1},"s":{"a":0,"k":[100,100],"ix":3},"r":{"a":0,"k":0,"ix":6},"o":{"a":0,"k":100,"ix":7},"sk":{"a":0,"k":0,"ix":4},"sa":{"a":0,"k":0,"ix":5},"nm":"Transform"}],"nm":"Group 1","np":2,"cix":2,"bm":0,"ix":1,"mn":"ADBE Vector Group","hd":false},{"ty":"gr","it":[{"ind":0,"ty":"sh","ix":1,"ks":{"a":0,"k":{"i":[[0.06,-4.638],[5.388,-4.194],[9.706,-3.141],[29.582,0.385],[19.234,6.782],[5.27,4.325],[-0.061,4.638],[-5.389,4.194],[-9.707,3.141],[-29.582,-0.384],[-19.235,-6.782],[-5.27,-4.326]],"o":[[-0.06,4.638],[-5.381,4.186],[-19.404,6.28],[-29.582,-0.384],[-9.622,-3.392],[-5.278,-4.332],[0.06,-4.638],[5.38,-4.187],[19.404,-6.28],[29.582,0.384],[9.622,3.393],[5.278,4.332]],"v":[[106.508,1.383],[98.22,14.731],[75.324,25.829],[-0.46,35.432],[-75.969,23.864],[-98.569,12.175],[-106.507,-1.383],[-98.22,-14.731],[-75.324,-25.829],[0.461,-35.433],[75.969,-23.865],[98.569,-12.175]],"c":true},"ix":2},"nm":"Path 1","mn":"ADBE Vector Shape - Group","hd":false},{"ty":"fl","c":{"a":0,"k":[1,1,1,1],"ix":4},"o":{"a":0,"k":100,"ix":5},"r":1,"bm":0,"nm":"Fill 1","mn":"ADBE Vector Graphic - Fill","hd":false},{"ty":"tr","p":{"a":0,"k":[108.297,37.547],"ix":2},"a":{"a":0,"k":[0,0],"ix":1},"s":{"a":0,"k":[100,100],"ix":3},"r":{"a":0,"k":0,"ix":6},"o":{"a":0,"k":100,"ix":7},"sk":{"a":0,"k":0,"ix":4},"sa":{"a":0,"k":0,"ix":5},"nm":"Transform"}],"nm":"Group 2","np":4,"cix":2,"bm":0,"ix":2,"mn":"ADBE Vector Group","hd":false}],"ip":0,"op":900,"st":0,"ct":1,"bm":0},{"ddd":0,"ind":7,"ty":4,"nm":"обод","parent":8,"sr":1,"ks":{"o":{"a":0,"k":100,"ix":11},"r":{"a":0,"k":0,"ix":10},"p":{"a":0,"k":[117.841,5.665,0],"ix":2,"l":2},"a":{"a":0,"k":[118.183,44.45,0],"ix":1,"l":2},"s":{"a":0,"k":[100,100,100],"ix":6,"l":2}},"ao":0,"shapes":[{"ty":"gr","it":[{"ind":0,"ty":"sh","ix":1,"ks":{"a":0,"k":{"i":[[0.073,-5.617],[5.893,-4.997],[10.604,-3.749],[32.302,0.419],[20.998,8.042],[5.759,5.146],[-0.073,5.617],[-5.893,4.996],[-10.603,3.748],[-32.302,-0.42],[-20.998,-8.042],[-5.759,-5.146]],"o":[[-0.072,5.617],[-5.891,4.995],[-21.2,7.493],[-32.302,-0.42],[-10.502,-4.022],[-5.762,-5.148],[0.073,-5.618],[5.891,-4.995],[21.2,-7.494],[32.302,0.419],[10.502,4.022],[5.762,5.149]],"v":[[116.381,1.512],[107.255,17.546],[82.221,30.785],[-0.55,42.302],[-82.993,28.639],[-107.674,14.755],[-116.381,-1.51],[-107.255,-17.545],[-82.221,-30.783],[0.549,-42.3],[82.993,-28.639],[107.674,-14.754]],"c":true},"ix":2},"nm":"Path 1","mn":"ADBE Vector Shape - Group","hd":false},{"ty":"st","c":{"a":0,"k":[0.129411764706,0.117647066303,0.121568634931,1],"ix":3},"o":{"a":0,"k":100,"ix":4},"w":{"a":0,"k":1.73,"ix":5},"lc":1,"lj":1,"ml":4,"bm":0,"nm":"Stroke 1","mn":"ADBE Vector Graphic - Stroke","hd":false},{"ty":"tr","p":{"a":0,"k":[118.183,44.45],"ix":2},"a":{"a":0,"k":[0,0],"ix":1},"s":{"a":0,"k":[100,100],"ix":3},"r":{"a":0,"k":0,"ix":6},"o":{"a":0,"k":100,"ix":7},"sk":{"a":0,"k":0,"ix":4},"sa":{"a":0,"k":0,"ix":5},"nm":"Transform"}],"nm":"Group 1","np":2,"cix":2,"bm":0,"ix":1,"mn":"ADBE Vector Group","hd":false},{"ty":"gr","it":[{"ind":0,"ty":"sh","ix":1,"ks":{"a":0,"k":{"i":[[0.073,-5.617],[5.893,-4.997],[10.604,-3.749],[32.302,0.419],[20.998,8.042],[5.759,5.146],[-0.073,5.617],[-5.893,4.996],[-10.603,3.748],[-32.302,-0.42],[-20.998,-8.042],[-5.759,-5.146]],"o":[[-0.072,5.617],[-5.891,4.995],[-21.2,7.493],[-32.302,-0.42],[-10.502,-4.022],[-5.762,-5.148],[0.073,-5.618],[5.891,-4.995],[21.2,-7.494],[32.302,0.419],[10.502,4.022],[5.762,5.149]],"v":[[116.381,1.512],[107.255,17.546],[82.221,30.785],[-0.55,42.302],[-82.993,28.639],[-107.674,14.755],[-116.381,-1.51],[-107.255,-17.545],[-82.221,-30.783],[0.549,-42.3],[82.993,-28.639],[107.674,-14.754]],"c":true},"ix":2},"nm":"Path 1","mn":"ADBE Vector Shape - Group","hd":false},{"ty":"fl","c":{"a":0,"k":[1,1,1,1],"ix":4},"o":{"a":0,"k":100,"ix":5},"r":1,"bm":0,"nm":"Fill 1","mn":"ADBE Vector Graphic - Fill","hd":false},{"ty":"tr","p":{"a":0,"k":[118.183,44.45],"ix":2},"a":{"a":0,"k":[0,0],"ix":1},"s":{"a":0,"k":[100,100],"ix":3},"r":{"a":0,"k":0,"ix":6},"o":{"a":0,"k":100,"ix":7},"sk":{"a":0,"k":0,"ix":4},"sa":{"a":0,"k":0,"ix":5},"nm":"Transform"}],"nm":"Group 2","np":4,"cix":2,"bm":0,"ix":2,"mn":"ADBE Vector Group","hd":false}],"ip":0,"op":900,"st":0,"ct":1,"bm":0},{"ddd":0,"ind":8,"ty":4,"nm":"тело","sr":1,"ks":{"o":{"a":0,"k":100,"ix":11},"r":{"a":1,"k":[{"i":{"x":[0.255],"y":[1]},"o":{"x":[0.521],"y":[0]},"t":0,"s":[0]},{"i":{"x":[0.72],"y":[1]},"o":{"x":[0.28],"y":[0]},"t":27,"s":[-13]},{"i":{"x":[0.72],"y":[1]},"o":{"x":[0.834],"y":[0]},"t":46,"s":[-13]},{"t":79,"s":[0]}],"ix":10},"p":{"a":0,"k":[182.029,296.156,0],"ix":2,"l":2},"a":{"a":0,"k":[117.777,254.049,0],"ix":1,"l":2},"s":{"a":0,"k":[100,100,100],"ix":6,"l":2}},"ao":0,"shapes":[{"ty":"gr","it":[{"ind":0,"ty":"sh","ix":1,"ks":{"a":0,"k":{"i":[[0,0],[0,0],[-6.189,-3.599],[-44.124,37.938],[-0.223,6.218],[0,0]],"o":[[0,0],[0.073,7.159],[63.861,37.13],[4.717,-4.056],[0,0],[0,0]],"v":[[-116.047,-132.409],[-113.886,77.749],[-104.143,95.279],[101.736,87.733],[108.992,71.416],[116.047,-125.459]],"c":true},"ix":2},"nm":"Path 1","mn":"ADBE Vector Shape - Group","hd":false},{"ty":"st","c":{"a":0,"k":[0.129411764706,0.117647066303,0.121568634931,1],"ix":3},"o":{"a":0,"k":100,"ix":4},"w":{"a":0,"k":1.73,"ix":5},"lc":1,"lj":1,"ml":4,"bm":0,"nm":"Stroke 1","mn":"ADBE Vector Graphic - Stroke","hd":false},{"ty":"tr","p":{"a":0,"k":[117.777,134.139],"ix":2},"a":{"a":0,"k":[0,0],"ix":1},"s":{"a":0,"k":[100,100],"ix":3},"r":{"a":0,"k":0,"ix":6},"o":{"a":0,"k":100,"ix":7},"sk":{"a":0,"k":0,"ix":4},"sa":{"a":0,"k":0,"ix":5},"nm":"Transform"}],"nm":"Group 1","np":2,"cix":2,"bm":0,"ix":1,"mn":"ADBE Vector Group","hd":false},{"ty":"gr","it":[{"ind":0,"ty":"sh","ix":1,"ks":{"a":0,"k":{"i":[[0,0],[0,0],[-6.189,-3.599],[-44.124,37.938],[-0.223,6.218],[0,0]],"o":[[0,0],[0.073,7.159],[63.861,37.13],[4.717,-4.056],[0,0],[0,0]],"v":[[-116.047,-132.409],[-113.886,77.749],[-104.143,95.279],[101.736,87.733],[108.992,71.416],[116.047,-125.459]],"c":true},"ix":2},"nm":"Path 1","mn":"ADBE Vector Shape - Group","hd":false},{"ty":"fl","c":{"a":0,"k":[0,0.509803921569,0.286274509804,1],"ix":4},"o":{"a":0,"k":100,"ix":5},"r":1,"bm":0,"nm":"Fill 1","mn":"ADBE Vector Graphic - Fill","hd":false},{"ty":"tr","p":{"a":0,"k":[117.777,134.139],"ix":2},"a":{"a":0,"k":[0,0],"ix":1},"s":{"a":0,"k":[100,100],"ix":3},"r":{"a":0,"k":0,"ix":6},"o":{"a":0,"k":100,"ix":7},"sk":{"a":0,"k":0,"ix":4},"sa":{"a":0,"k":0,"ix":5},"nm":"Transform"}],"nm":"Group 2","np":4,"cix":2,"bm":0,"ix":2,"mn":"ADBE Vector Group","hd":false}],"ip":0,"op":900,"st":0,"ct":1,"bm":0},{"ddd":0,"ind":9,"ty":4,"nm":"ручка","parent":8,"sr":1,"ks":{"o":{"a":0,"k":100,"ix":11},"r":{"a":0,"k":0,"ix":10},"p":{"a":0,"k":[255.679,100.536,0],"ix":2,"l":2},"a":{"a":0,"k":[37.27,67.417,0],"ix":1,"l":2},"s":{"a":0,"k":[100,100,100],"ix":6,"l":2}},"ao":0,"shapes":[{"ty":"gr","it":[{"ind":0,"ty":"sh","ix":1,"ks":{"a":0,"k":{"i":[[0,0],[24.094,0.627],[0,0],[-0.643,24.687]],"o":[[-0.589,22.602],[0,0],[25.826,0.673],[0,0]],"v":[[10.476,-0.672],[-34.059,39.279],[-34.149,42.738],[13.935,-0.581]],"c":true},"ix":2},"nm":"Path 1","mn":"ADBE Vector Shape - Group","hd":false},{"ind":1,"ty":"sh","ix":2,"ks":{"a":0,"k":{"i":[[0,0],[0,0],[0,0],[0,0]],"o":[[0,0],[0,0],[0,0],[0,0]],"v":[[-32.375,41.053],[-30.144,-44.572],[-33.603,-44.661],[-35.833,40.964]],"c":true},"ix":2},"nm":"Path 2","mn":"ADBE Vector Shape - Group","hd":false},{"ind":2,"ty":"sh","ix":3,"ks":{"a":0,"k":{"i":[[0,0],[0.589,-22.603],[0,0],[25.826,0.672]],"o":[[24.095,0.628],[0,0],[0.643,-24.687],[0,0]],"v":[[-31.919,-42.887],[10.476,-0.672],[13.935,-0.581],[-31.829,-46.346]],"c":true},"ix":2},"nm":"Path 3","mn":"ADBE Vector Shape - Group","hd":false},{"ind":3,"ty":"sh","ix":4,"ks":{"a":0,"k":{"i":[[0,0],[37.409,0.974],[0,0],[-0.972,37.3]],"o":[[-0.917,35.216],[0,0],[39.141,1.02],[0,0]],"v":[[33.789,1.77],[-35.45,63.932],[-35.54,67.39],[37.248,1.861]],"c":true},"ix":2},"nm":"Path 4","mn":"ADBE Vector Shape - Group","hd":false},{"ind":4,"ty":"sh","ix":5,"ks":{"a":0,"k":{"i":[[0,0],[0,0],[0,0],[0,0]],"o":[[0,0],[0,0],[0,0],[0,0]],"v":[[-33.766,65.706],[-30.346,-65.597],[-33.804,-65.687],[-37.225,65.616]],"c":true},"ix":2},"nm":"Path 5","mn":"ADBE Vector Shape - Group","hd":false},{"ind":5,"ty":"sh","ix":6,"ks":{"a":0,"k":{"i":[[0,0],[0.918,-35.217],[0,0],[39.141,1.02]],"o":[[37.41,0.974],[0,0],[0.972,-37.301],[0,0]],"v":[[-32.12,-63.913],[33.789,1.77],[37.248,1.861],[-32.03,-67.372]],"c":true},"ix":2},"nm":"Path 6","mn":"ADBE Vector Shape - Group","hd":false},{"ind":6,"ty":"sh","ix":7,"ks":{"a":0,"k":{"i":[[0,0],[0,0],[0,0],[0,0]],"o":[[0,0],[0,0],[0,0],[0,0]],"v":[[-34.104,41.008],[-35.833,40.964],[-35.879,42.692],[-34.149,42.738]],"c":true},"ix":2},"nm":"Path 7","mn":"ADBE Vector Shape - Group","hd":false},{"ind":7,"ty":"sh","ix":8,"ks":{"a":0,"k":{"i":[[0,0],[0,0]],"o":[[0,0],[0,0]],"v":[[12.205,-0.626],[10.476,-0.672]],"c":true},"ix":2},"nm":"Path 8","mn":"ADBE Vector Shape - Group","hd":false},{"ind":8,"ty":"sh","ix":9,"ks":{"a":0,"k":{"i":[[0,0],[0,0],[0,0],[0,0]],"o":[[0,0],[0,0],[0,0],[0,0]],"v":[[-31.874,-44.617],[-31.829,-46.346],[-33.558,-46.391],[-33.603,-44.661]],"c":true},"ix":2},"nm":"Path 9","mn":"ADBE Vector Shape - Group","hd":false},{"ind":9,"ty":"sh","ix":10,"ks":{"a":0,"k":{"i":[[0,0],[0,0],[0,0],[0,0]],"o":[[0,0],[0,0],[0,0],[0,0]],"v":[[-35.495,65.661],[-37.225,65.616],[-37.27,67.345],[-35.54,67.39]],"c":true},"ix":2},"nm":"Path 10","mn":"ADBE Vector Shape - Group","hd":false},{"ind":10,"ty":"sh","ix":11,"ks":{"a":0,"k":{"i":[[0,0],[0,0]],"o":[[0,0],[0,0]],"v":[[35.519,1.816],[33.789,1.77]],"c":true},"ix":2},"nm":"Path 11","mn":"ADBE Vector Shape - Group","hd":false},{"ind":11,"ty":"sh","ix":12,"ks":{"a":0,"k":{"i":[[0,0],[0,0],[0,0],[0,0]],"o":[[0,0],[0,0],[0,0],[0,0]],"v":[[-32.075,-65.642],[-32.03,-67.372],[-33.759,-67.417],[-33.804,-65.687]],"c":true},"ix":2},"nm":"Path 12","mn":"ADBE Vector Shape - Group","hd":false},{"ty":"mm","mm":1,"nm":"Merge Paths 1","mn":"ADBE Vector Filter - Merge","hd":false},{"ty":"mm","mm":4,"nm":"Merge Paths 2","mn":"ADBE Vector Filter - Merge","hd":false},{"ty":"fl","c":{"a":0,"k":[0.129411764706,0.117647066303,0.121568634931,1],"ix":4},"o":{"a":0,"k":100,"ix":5},"r":1,"bm":0,"nm":"Fill 1","mn":"ADBE Vector Graphic - Fill","hd":false},{"ty":"tr","p":{"a":0,"k":[37.27,67.417],"ix":2},"a":{"a":0,"k":[0,0],"ix":1},"s":{"a":0,"k":[100,100],"ix":3},"r":{"a":0,"k":0,"ix":6},"o":{"a":0,"k":100,"ix":7},"sk":{"a":0,"k":0,"ix":4},"sa":{"a":0,"k":0,"ix":5},"nm":"Transform"}],"nm":"Group 1","np":16,"cix":2,"bm":0,"ix":1,"mn":"ADBE Vector Group","hd":false}],"ip":0,"op":900,"st":0,"ct":1,"bm":0},{"ddd":0,"ind":10,"ty":4,"nm":"Layer 8 Outlines","parent":8,"sr":1,"ks":{"o":{"a":0,"k":100,"ix":11},"r":{"a":0,"k":0,"ix":10},"p":{"a":0,"k":[256.163,101.044,0],"ix":2,"l":2},"a":{"a":0,"k":[36.229,66.401,0],"ix":1,"l":2},"s":{"a":0,"k":[100,100,100],"ix":6,"l":2}},"ao":0,"shapes":[{"ty":"gr","it":[{"ind":0,"ty":"sh","ix":1,"ks":{"a":0,"k":{"i":[[0,0],[0,0],[0,0],[0,0],[0,0],[0,0],[0,0],[0,0],[0,0],[0,0],[0,0],[0,0],[0,0],[0,0],[0,0],[0,0],[0,0],[0,0],[0,0],[0,0],[0,0],[0,0],[0,0],[0,0],[0,0],[0,0],[0,0]],"o":[[0,0],[0,0],[0,0],[0,0],[0,0],[0,0],[0,0],[0,0],[0,0],[0,0],[0,0],[0,0],[0,0],[0,0],[0,0],[0,0],[0,0],[0,0],[0,0],[0,0],[0,0],[0,0],[0,0],[0,0],[0,0],[0,0],[0,0]],"v":[[3.189,1.625],[8.439,23],[18.939,24.875],[28.564,30.125],[36.314,36.25],[44.189,45.375],[48.189,56.375],[47.064,68.375],[46.314,78.75],[38.564,91.25],[26.064,101.875],[9.939,107.5],[1.439,109.75],[3.689,133],[19.189,130],[29.689,126.5],[39.689,121.875],[50.814,113],[61.064,100.5],[66.189,90.5],[70.064,77.75],[71.439,62.562],[67.314,44.125],[64.314,36],[56.314,24.875],[38.377,9.562],[24.564,3.75]],"c":true},"ix":2},"nm":"Path 1","mn":"ADBE Vector Shape - Group","hd":false},{"ty":"st","c":{"a":0,"k":[0,0,0,1],"ix":3},"o":{"a":0,"k":100,"ix":4},"w":{"a":0,"k":1,"ix":5},"lc":1,"lj":1,"ml":4,"bm":0,"nm":"Stroke 1","mn":"ADBE Vector Graphic - Stroke","hd":false},{"ty":"fl","c":{"a":0,"k":[0,0.509796142578,0.286254882813,1],"ix":4},"o":{"a":0,"k":100,"ix":5},"r":1,"bm":0,"nm":"Fill 1","mn":"ADBE Vector Graphic - Fill","hd":false},{"ty":"tr","p":{"a":0,"k":[0,0],"ix":2},"a":{"a":0,"k":[0,0],"ix":1},"s":{"a":0,"k":[100,100],"ix":3},"r":{"a":0,"k":0,"ix":6},"o":{"a":0,"k":100,"ix":7},"sk":{"a":0,"k":0,"ix":4},"sa":{"a":0,"k":0,"ix":5},"nm":"Transform"}],"nm":"Shape 1","np":3,"cix":2,"bm":0,"ix":1,"mn":"ADBE Vector Group","hd":false},{"ty":"gr","it":[{"ind":0,"ty":"sh","ix":1,"ks":{"a":0,"k":{"i":[[-0.616,23.644],[24.96,0.65],[0,0]],"o":[[0.616,-23.645],[0,0],[24.96,0.65]],"v":[[11.721,-1.135],[-32.358,-45.124],[-34.588,40.501]],"c":true},"ix":2},"nm":"Path 1","mn":"ADBE Vector Shape - Group","hd":false},{"ty":"tr","p":{"a":0,"k":[36.229,66.401],"ix":2},"a":{"a":0,"k":[0,0],"ix":1},"s":{"a":0,"k":[100,100],"ix":3},"r":{"a":0,"k":0,"ix":6},"o":{"a":0,"k":100,"ix":7},"sk":{"a":0,"k":0,"ix":4},"sa":{"a":0,"k":0,"ix":5},"nm":"Transform"}],"nm":"Group 1","np":1,"cix":2,"bm":0,"ix":2,"mn":"ADBE Vector Group","hd":false}],"ip":0,"op":900,"st":0,"ct":1,"bm":0}],"markers":[]}