{"v":"5.10.2","fr":30,"ip":0,"op":80,"w":448,"h":236,"nm":"pOST PRESS","ddd":0,"assets":[],"layers":[{"ddd":0,"ind":2,"ty":4,"nm":"Layer 2 Outlines 2","parent":8,"sr":1,"ks":{"o":{"a":0,"k":100,"ix":11},"r":{"a":0,"k":0,"ix":10},"p":{"a":0,"k":[207.703,105.298,0],"ix":2,"l":2},"a":{"a":0,"k":[122.15,39.39,0],"ix":1,"l":2},"s":{"a":0,"k":[100,100,100],"ix":6,"l":2}},"ao":0,"shapes":[{"ty":"gr","it":[{"ind":0,"ty":"sh","ix":1,"ks":{"a":0,"k":{"i":[[6.099,1.467],[-1.467,6.1],[0,0],[-6.1,-1.467],[1.468,-6.1],[0,0]],"o":[[-6.1,-1.467],[0,0],[1.467,-6.1],[6.099,1.467],[0,0],[-1.467,6.1]],"v":[[105.217,35.702],[97.346,22.06],[97.363,21.99],[110.489,13.473],[118.359,27.115],[118.342,27.185]],"c":true},"ix":2},"nm":"Path 1","mn":"ADBE Vector Shape - Group","hd":false},{"ind":1,"ty":"sh","ix":2,"ks":{"a":0,"k":{"i":[[-7.475,-1.798],[-1.628,6.769],[0,0],[7.474,1.798],[1.629,-6.769],[0,0]],"o":[[7.474,1.798],[0,0],[1.62,-6.734],[-7.475,-1.798],[0,0],[-1.619,6.734]],"v":[[104.748,37.342],[120.263,27.573],[120.28,27.502],[110.958,11.833],[95.442,21.602],[95.425,21.673]],"c":true},"ix":2},"nm":"Path 2","mn":"ADBE Vector Shape - Group","hd":false},{"ind":2,"ty":"sh","ix":3,"ks":{"a":0,"k":{"i":[[0,0],[4.23,1.018],[0,0],[0,0],[0,0],[0.737,-3.067]],"o":[[-0.747,3.102],[0,0],[0,0],[0,0],[4.901,1.179],[0,0]],"v":[[87.614,25.65],[79.491,29.029],[70.535,26.875],[72.918,16.968],[81.274,18.978],[87.631,25.579]],"c":true},"ix":2},"nm":"Path 3","mn":"ADBE Vector Shape - Group","hd":false},{"ind":3,"ty":"sh","ix":4,"ks":{"a":0,"k":{"i":[[0,0],[3.667,0.882],[0,0],[0,0],[0,0],[0.653,-2.715]],"o":[[-0.788,3.279],[0,0],[0,0],[0,0],[3.984,0.959],[0,0]],"v":[[89.037,13.684],[81.47,17.235],[73.325,15.276],[75.658,5.58],[83.978,7.581],[89.054,13.614]],"c":true},"ix":2},"nm":"Path 4","mn":"ADBE Vector Shape - Group","hd":false},{"ind":4,"ty":"sh","ix":5,"ks":{"a":0,"k":{"i":[[0,0],[0,0],[-0.992,4.125],[0,0],[2.775,1.488],[-0.814,3.385],[0,0],[0.803,1.312],[2.82,0.679],[0,0]],"o":[[0,0],[5.324,1.28],[0,0],[0.814,-3.385],[2.213,-0.363],[0,0],[0.365,-1.516],[-1.045,-1.706],[0,0],[0,0]],"v":[[68.295,28.127],[79.013,30.705],[89.482,26.099],[89.499,26.029],[85.345,18.801],[90.948,13.957],[90.965,13.887],[90.312,9.627],[84.421,5.897],[74.231,3.447]],"c":true},"ix":2},"nm":"Path 5","mn":"ADBE Vector Shape - Group","hd":false},{"ind":5,"ty":"sh","ix":6,"ks":{"a":0,"k":{"i":[[6.099,1.467],[-1.467,6.1],[0,0],[-6.1,-1.467],[1.468,-6.1],[0,0]],"o":[[-6.1,-1.467],[0,0],[1.467,-6.1],[6.099,1.467],[0,0],[-1.467,6.1]],"v":[[49.99,22.418],[42.119,8.776],[42.136,8.706],[55.262,0.189],[63.132,13.831],[63.115,13.901]],"c":true},"ix":2},"nm":"Path 6","mn":"ADBE Vector Shape - Group","hd":false},{"ind":6,"ty":"sh","ix":7,"ks":{"a":0,"k":{"i":[[-7.475,-1.798],[-1.628,6.769],[0,0],[7.475,1.798],[1.629,-6.769],[0,0]],"o":[[7.474,1.798],[0,0],[1.62,-6.734],[-7.474,-1.798],[0,0],[-1.619,6.734]],"v":[[49.521,24.058],[65.036,14.289],[65.053,14.218],[55.731,-1.451],[40.215,8.318],[40.198,8.389]],"c":true},"ix":2},"nm":"Path 7","mn":"ADBE Vector Shape - Group","hd":false},{"ind":7,"ty":"sh","ix":8,"ks":{"a":0,"k":{"i":[[0,0],[0,0],[0,0],[0,0],[0,0],[0,0],[0,0],[0,0],[0,0],[0,0],[0,0],[0,0],[0,0]],"o":[[0,0],[0,0],[0,0],[0,0],[0,0],[0,0],[0,0],[0,0],[0,0],[0,0],[0,0],[0,0],[0,0]],"v":[[14.721,15.24],[16.554,15.681],[19.403,3.835],[24.339,5.022],[32.772,19.582],[35.311,20.193],[26.12,4.443],[40.754,-4.606],[38.286,-5.2],[24.676,3.313],[19.811,2.142],[22.49,-8.999],[20.657,-9.44]],"c":true},"ix":2},"nm":"Path 8","mn":"ADBE Vector Shape - Group","hd":false},{"ind":8,"ty":"sh","ix":9,"ks":{"a":0,"k":{"i":[[0,0],[0,0],[0,0],[0,0],[0,0],[0,0],[0,0],[0,0]],"o":[[0,0],[0,0],[0,0],[0,0],[0,0],[0,0],[0,0],[0,0]],"v":[[-1.099,11.435],[0.734,11.876],[6.264,-11.112],[14.866,-9.043],[15.273,-10.735],[-3.765,-15.314],[-4.172,-13.622],[4.43,-11.553]],"c":true},"ix":2},"nm":"Path 9","mn":"ADBE Vector Shape - Group","hd":false},{"ind":9,"ty":"sh","ix":10,"ks":{"a":0,"k":{"i":[[0,0],[0,0],[0,0]],"o":[[0,0],[0,0],[0,0]],"v":[[-26.859,-3.824],[-16.902,-16.535],[-13.849,-0.695]],"c":true},"ix":2},"nm":"Path 10","mn":"ADBE Vector Shape - Group","hd":false},{"ind":10,"ty":"sh","ix":11,"ks":{"a":0,"k":{"i":[[0,0],[0,0],[0,0],[0,0],[0,0],[0,0],[0,0],[0,0]],"o":[[0,0],[0,0],[0,0],[0,0],[0,0],[0,0],[0,0],[0,0]],"v":[[-34.737,3.344],[-32.833,3.802],[-28.033,-2.354],[-13.472,1.149],[-11.996,8.814],[-9.987,9.297],[-15.502,-18.324],[-17.264,-18.748]],"c":true},"ix":2},"nm":"Path 11","mn":"ADBE Vector Shape - Group","hd":false},{"ind":11,"ty":"sh","ix":12,"ks":{"a":0,"k":{"i":[[0,0],[0,0],[0,0]],"o":[[0,0],[0,0],[0,0]],"v":[[-45.282,-23.212],[-41.064,0.032],[-59.679,-4.446]],"c":true},"ix":2},"nm":"Path 12","mn":"ADBE Vector Shape - Group","hd":false},{"ind":12,"ty":"sh","ix":13,"ks":{"a":0,"k":{"i":[[0,0],[0,0],[0,0],[0,0],[0,0],[0,0],[0,0],[0,0],[0,0],[0,0],[0,0],[0,0]],"o":[[0,0],[0,0],[0,0],[0,0],[0,0],[0,0],[0,0],[0,0],[0,0],[0,0],[0,0],[0,0]],"v":[[-63.875,-5.455],[-65.537,1.455],[-63.739,1.888],[-62.484,-3.33],[-38.967,2.326],[-40.223,7.544],[-38.424,7.977],[-36.762,1.066],[-39.054,0.515],[-43.813,-25.134],[-45.681,-25.583],[-61.618,-4.912]],"c":true},"ix":2},"nm":"Path 13","mn":"ADBE Vector Shape - Group","hd":false},{"ind":13,"ty":"sh","ix":14,"ks":{"a":0,"k":{"i":[[6.1,1.467],[-1.467,6.1],[0,0],[-6.1,-1.467],[1.467,-6.1],[0,0]],"o":[[-6.099,-1.467],[0,0],[1.467,-6.1],[6.099,1.467],[0,0],[-1.467,6.1]],"v":[[-78.575,-8.506],[-86.445,-22.148],[-86.428,-22.218],[-73.302,-30.735],[-65.432,-17.093],[-65.449,-17.023]],"c":true},"ix":2},"nm":"Path 14","mn":"ADBE Vector Shape - Group","hd":false},{"ind":14,"ty":"sh","ix":15,"ks":{"a":0,"k":{"i":[[-7.474,-1.798],[-1.628,6.769],[0,0],[7.474,1.798],[1.628,-6.769],[0,0]],"o":[[7.475,1.798],[0,0],[1.62,-6.734],[-7.475,-1.798],[0,0],[-1.62,6.734]],"v":[[-79.044,-6.866],[-63.528,-16.635],[-63.511,-16.706],[-72.833,-32.375],[-88.349,-22.606],[-88.366,-22.535]],"c":true},"ix":2},"nm":"Path 15","mn":"ADBE Vector Shape - Group","hd":false},{"ind":15,"ty":"sh","ix":16,"ks":{"a":0,"k":{"i":[[0,0],[0,0],[0,0]],"o":[[0,0],[0,0],[0,0]],"v":[[-101.645,-36.769],[-97.427,-13.526],[-116.042,-18.003]],"c":true},"ix":2},"nm":"Path 16","mn":"ADBE Vector Shape - Group","hd":false},{"ind":16,"ty":"sh","ix":17,"ks":{"a":0,"k":{"i":[[0,0],[0,0],[0,0],[0,0],[0,0],[0,0],[0,0],[0,0],[0,0],[0,0],[0,0],[0,0]],"o":[[0,0],[0,0],[0,0],[0,0],[0,0],[0,0],[0,0],[0,0],[0,0],[0,0],[0,0],[0,0]],"v":[[-120.238,-19.012],[-121.9,-12.102],[-120.102,-11.67],[-118.847,-16.888],[-95.331,-11.231],[-96.586,-6.013],[-94.788,-5.581],[-93.125,-12.491],[-95.417,-13.042],[-100.176,-38.691],[-102.044,-39.14],[-117.982,-18.47]],"c":true},"ix":2},"nm":"Path 17","mn":"ADBE Vector Shape - Group","hd":false},{"ty":"mm","mm":1,"nm":"Merge Paths 1","mn":"ADBE Vector Filter - Merge","hd":false},{"ty":"fl","c":{"a":0,"k":[0.129411764706,0.117647066303,0.121568634931,1],"ix":4},"o":{"a":0,"k":100,"ix":5},"r":1,"bm":0,"nm":"Fill 1","mn":"ADBE Vector Graphic - Fill","hd":false},{"ty":"tr","p":{"a":0,"k":[122.15,39.39],"ix":2},"a":{"a":0,"k":[0,0],"ix":1},"s":{"a":0,"k":[100,100],"ix":3},"r":{"a":0,"k":0,"ix":6},"o":{"a":0,"k":100,"ix":7},"sk":{"a":0,"k":0,"ix":4},"sa":{"a":0,"k":0,"ix":5},"nm":"Transform"}],"nm":"Group 1","np":19,"cix":2,"bm":0,"ix":1,"mn":"ADBE Vector Group","hd":false}],"ip":64,"op":900,"st":0,"ct":1,"bm":0},{"ddd":0,"ind":3,"ty":4,"nm":"Layer 2 Outlines","parent":9,"sr":1,"ks":{"o":{"a":0,"k":100,"ix":11},"r":{"a":0,"k":0,"ix":10},"p":{"a":0,"k":[207.703,105.298,0],"ix":2,"l":2},"a":{"a":0,"k":[122.15,39.39,0],"ix":1,"l":2},"s":{"a":0,"k":[100,100,100],"ix":6,"l":2}},"ao":0,"shapes":[{"ty":"gr","it":[{"ind":0,"ty":"sh","ix":1,"ks":{"a":0,"k":{"i":[[6.099,1.467],[-1.467,6.1],[0,0],[-6.1,-1.467],[1.468,-6.1],[0,0]],"o":[[-6.1,-1.467],[0,0],[1.467,-6.1],[6.099,1.467],[0,0],[-1.467,6.1]],"v":[[105.217,35.702],[97.346,22.06],[97.363,21.99],[110.489,13.473],[118.359,27.115],[118.342,27.185]],"c":true},"ix":2},"nm":"Path 1","mn":"ADBE Vector Shape - Group","hd":false},{"ind":1,"ty":"sh","ix":2,"ks":{"a":0,"k":{"i":[[-7.475,-1.798],[-1.628,6.769],[0,0],[7.474,1.798],[1.629,-6.769],[0,0]],"o":[[7.474,1.798],[0,0],[1.62,-6.734],[-7.475,-1.798],[0,0],[-1.619,6.734]],"v":[[104.748,37.342],[120.263,27.573],[120.28,27.502],[110.958,11.833],[95.442,21.602],[95.425,21.673]],"c":true},"ix":2},"nm":"Path 2","mn":"ADBE Vector Shape - Group","hd":false},{"ind":2,"ty":"sh","ix":3,"ks":{"a":0,"k":{"i":[[0,0],[4.23,1.018],[0,0],[0,0],[0,0],[0.737,-3.067]],"o":[[-0.747,3.102],[0,0],[0,0],[0,0],[4.901,1.179],[0,0]],"v":[[87.614,25.65],[79.491,29.029],[70.535,26.875],[72.918,16.968],[81.274,18.978],[87.631,25.579]],"c":true},"ix":2},"nm":"Path 3","mn":"ADBE Vector Shape - Group","hd":false},{"ind":3,"ty":"sh","ix":4,"ks":{"a":0,"k":{"i":[[0,0],[3.667,0.882],[0,0],[0,0],[0,0],[0.653,-2.715]],"o":[[-0.788,3.279],[0,0],[0,0],[0,0],[3.984,0.959],[0,0]],"v":[[89.037,13.684],[81.47,17.235],[73.325,15.276],[75.658,5.58],[83.978,7.581],[89.054,13.614]],"c":true},"ix":2},"nm":"Path 4","mn":"ADBE Vector Shape - Group","hd":false},{"ind":4,"ty":"sh","ix":5,"ks":{"a":0,"k":{"i":[[0,0],[0,0],[-0.992,4.125],[0,0],[2.775,1.488],[-0.814,3.385],[0,0],[0.803,1.312],[2.82,0.679],[0,0]],"o":[[0,0],[5.324,1.28],[0,0],[0.814,-3.385],[2.213,-0.363],[0,0],[0.365,-1.516],[-1.045,-1.706],[0,0],[0,0]],"v":[[68.295,28.127],[79.013,30.705],[89.482,26.099],[89.499,26.029],[85.345,18.801],[90.948,13.957],[90.965,13.887],[90.312,9.627],[84.421,5.897],[74.231,3.447]],"c":true},"ix":2},"nm":"Path 5","mn":"ADBE Vector Shape - Group","hd":false},{"ind":5,"ty":"sh","ix":6,"ks":{"a":0,"k":{"i":[[6.099,1.467],[-1.467,6.1],[0,0],[-6.1,-1.467],[1.468,-6.1],[0,0]],"o":[[-6.1,-1.467],[0,0],[1.467,-6.1],[6.099,1.467],[0,0],[-1.467,6.1]],"v":[[49.99,22.418],[42.119,8.776],[42.136,8.706],[55.262,0.189],[63.132,13.831],[63.115,13.901]],"c":true},"ix":2},"nm":"Path 6","mn":"ADBE Vector Shape - Group","hd":false},{"ind":6,"ty":"sh","ix":7,"ks":{"a":0,"k":{"i":[[-7.475,-1.798],[-1.628,6.769],[0,0],[7.475,1.798],[1.629,-6.769],[0,0]],"o":[[7.474,1.798],[0,0],[1.62,-6.734],[-7.474,-1.798],[0,0],[-1.619,6.734]],"v":[[49.521,24.058],[65.036,14.289],[65.053,14.218],[55.731,-1.451],[40.215,8.318],[40.198,8.389]],"c":true},"ix":2},"nm":"Path 7","mn":"ADBE Vector Shape - Group","hd":false},{"ind":7,"ty":"sh","ix":8,"ks":{"a":0,"k":{"i":[[0,0],[0,0],[0,0],[0,0],[0,0],[0,0],[0,0],[0,0],[0,0],[0,0],[0,0],[0,0],[0,0]],"o":[[0,0],[0,0],[0,0],[0,0],[0,0],[0,0],[0,0],[0,0],[0,0],[0,0],[0,0],[0,0],[0,0]],"v":[[14.721,15.24],[16.554,15.681],[19.403,3.835],[24.339,5.022],[32.772,19.582],[35.311,20.193],[26.12,4.443],[40.754,-4.606],[38.286,-5.2],[24.676,3.313],[19.811,2.142],[22.49,-8.999],[20.657,-9.44]],"c":true},"ix":2},"nm":"Path 8","mn":"ADBE Vector Shape - Group","hd":false},{"ind":8,"ty":"sh","ix":9,"ks":{"a":0,"k":{"i":[[0,0],[0,0],[0,0],[0,0],[0,0],[0,0],[0,0],[0,0]],"o":[[0,0],[0,0],[0,0],[0,0],[0,0],[0,0],[0,0],[0,0]],"v":[[-1.099,11.435],[0.734,11.876],[6.264,-11.112],[14.866,-9.043],[15.273,-10.735],[-3.765,-15.314],[-4.172,-13.622],[4.43,-11.553]],"c":true},"ix":2},"nm":"Path 9","mn":"ADBE Vector Shape - Group","hd":false},{"ind":9,"ty":"sh","ix":10,"ks":{"a":0,"k":{"i":[[0,0],[0,0],[0,0]],"o":[[0,0],[0,0],[0,0]],"v":[[-26.859,-3.824],[-16.902,-16.535],[-13.849,-0.695]],"c":true},"ix":2},"nm":"Path 10","mn":"ADBE Vector Shape - Group","hd":false},{"ind":10,"ty":"sh","ix":11,"ks":{"a":0,"k":{"i":[[0,0],[0,0],[0,0],[0,0],[0,0],[0,0],[0,0],[0,0]],"o":[[0,0],[0,0],[0,0],[0,0],[0,0],[0,0],[0,0],[0,0]],"v":[[-34.737,3.344],[-32.833,3.802],[-28.033,-2.354],[-13.472,1.149],[-11.996,8.814],[-9.987,9.297],[-15.502,-18.324],[-17.264,-18.748]],"c":true},"ix":2},"nm":"Path 11","mn":"ADBE Vector Shape - Group","hd":false},{"ind":11,"ty":"sh","ix":12,"ks":{"a":0,"k":{"i":[[0,0],[0,0],[0,0]],"o":[[0,0],[0,0],[0,0]],"v":[[-45.282,-23.212],[-41.064,0.032],[-59.679,-4.446]],"c":true},"ix":2},"nm":"Path 12","mn":"ADBE Vector Shape - Group","hd":false},{"ind":12,"ty":"sh","ix":13,"ks":{"a":0,"k":{"i":[[0,0],[0,0],[0,0],[0,0],[0,0],[0,0],[0,0],[0,0],[0,0],[0,0],[0,0],[0,0]],"o":[[0,0],[0,0],[0,0],[0,0],[0,0],[0,0],[0,0],[0,0],[0,0],[0,0],[0,0],[0,0]],"v":[[-63.875,-5.455],[-65.537,1.455],[-63.739,1.888],[-62.484,-3.33],[-38.967,2.326],[-40.223,7.544],[-38.424,7.977],[-36.762,1.066],[-39.054,0.515],[-43.813,-25.134],[-45.681,-25.583],[-61.618,-4.912]],"c":true},"ix":2},"nm":"Path 13","mn":"ADBE Vector Shape - Group","hd":false},{"ind":13,"ty":"sh","ix":14,"ks":{"a":0,"k":{"i":[[6.1,1.467],[-1.467,6.1],[0,0],[-6.1,-1.467],[1.467,-6.1],[0,0]],"o":[[-6.099,-1.467],[0,0],[1.467,-6.1],[6.099,1.467],[0,0],[-1.467,6.1]],"v":[[-78.575,-8.506],[-86.445,-22.148],[-86.428,-22.218],[-73.302,-30.735],[-65.432,-17.093],[-65.449,-17.023]],"c":true},"ix":2},"nm":"Path 14","mn":"ADBE Vector Shape - Group","hd":false},{"ind":14,"ty":"sh","ix":15,"ks":{"a":0,"k":{"i":[[-7.474,-1.798],[-1.628,6.769],[0,0],[7.474,1.798],[1.628,-6.769],[0,0]],"o":[[7.475,1.798],[0,0],[1.62,-6.734],[-7.475,-1.798],[0,0],[-1.62,6.734]],"v":[[-79.044,-6.866],[-63.528,-16.635],[-63.511,-16.706],[-72.833,-32.375],[-88.349,-22.606],[-88.366,-22.535]],"c":true},"ix":2},"nm":"Path 15","mn":"ADBE Vector Shape - Group","hd":false},{"ind":15,"ty":"sh","ix":16,"ks":{"a":0,"k":{"i":[[0,0],[0,0],[0,0]],"o":[[0,0],[0,0],[0,0]],"v":[[-101.645,-36.769],[-97.427,-13.526],[-116.042,-18.003]],"c":true},"ix":2},"nm":"Path 16","mn":"ADBE Vector Shape - Group","hd":false},{"ind":16,"ty":"sh","ix":17,"ks":{"a":0,"k":{"i":[[0,0],[0,0],[0,0],[0,0],[0,0],[0,0],[0,0],[0,0],[0,0],[0,0],[0,0],[0,0]],"o":[[0,0],[0,0],[0,0],[0,0],[0,0],[0,0],[0,0],[0,0],[0,0],[0,0],[0,0],[0,0]],"v":[[-120.238,-19.012],[-121.9,-12.102],[-120.102,-11.67],[-118.847,-16.888],[-95.331,-11.231],[-96.586,-6.013],[-94.788,-5.581],[-93.125,-12.491],[-95.417,-13.042],[-100.176,-38.691],[-102.044,-39.14],[-117.982,-18.47]],"c":true},"ix":2},"nm":"Path 17","mn":"ADBE Vector Shape - Group","hd":false},{"ty":"mm","mm":1,"nm":"Merge Paths 1","mn":"ADBE Vector Filter - Merge","hd":false},{"ty":"fl","c":{"a":0,"k":[0.129411764706,0.117647066303,0.121568634931,1],"ix":4},"o":{"a":0,"k":100,"ix":5},"r":1,"bm":0,"nm":"Fill 1","mn":"ADBE Vector Graphic - Fill","hd":false},{"ty":"tr","p":{"a":0,"k":[122.15,39.39],"ix":2},"a":{"a":0,"k":[0,0],"ix":1},"s":{"a":0,"k":[100,100],"ix":3},"r":{"a":0,"k":0,"ix":6},"o":{"a":0,"k":100,"ix":7},"sk":{"a":0,"k":0,"ix":4},"sa":{"a":0,"k":0,"ix":5},"nm":"Transform"}],"nm":"Group 1","np":19,"cix":2,"bm":0,"ix":1,"mn":"ADBE Vector Group","hd":false}],"ip":0,"op":64,"st":0,"ct":1,"bm":0},{"ddd":0,"ind":4,"ty":4,"nm":"Layer 3 Outlines 2","parent":8,"sr":1,"ks":{"o":{"a":0,"k":100,"ix":11},"r":{"a":0,"k":0,"ix":10},"p":{"a":0,"k":[392.765,144.638,0],"ix":2,"l":2},"a":{"a":0,"k":[11.283,11.283,0],"ix":1,"l":2},"s":{"a":0,"k":[100,100,100],"ix":6,"l":2}},"ao":0,"shapes":[{"ty":"gr","it":[{"ind":0,"ty":"sh","ix":1,"ks":{"a":0,"k":{"i":[[-5.125,-0.274],[0.274,-5.125],[5.125,0.274],[-0.274,5.125]],"o":[[5.125,0.274],[-0.274,5.125],[-5.125,-0.274],[0.274,-5.125]],"v":[[0.497,-9.28],[9.28,0.496],[-0.496,9.28],[-9.279,-0.497]],"c":true},"ix":2},"nm":"Path 1","mn":"ADBE Vector Shape - Group","hd":false},{"ty":"st","c":{"a":0,"k":[0.235294132607,0.376470618154,0.650980392157,1],"ix":3},"o":{"a":0,"k":100,"ix":4},"w":{"a":0,"k":1.73,"ix":5},"lc":1,"lj":1,"ml":4,"bm":0,"nm":"Stroke 1","mn":"ADBE Vector Graphic - Stroke","hd":false},{"ty":"fl","c":{"a":0,"k":[0.129411764706,0.117647066303,0.121568634931,1],"ix":4},"o":{"a":0,"k":100,"ix":5},"r":1,"bm":0,"nm":"Fill 1","mn":"ADBE Vector Graphic - Fill","hd":false},{"ty":"tr","p":{"a":0,"k":[11.283,11.283],"ix":2},"a":{"a":0,"k":[0,0],"ix":1},"s":{"a":0,"k":[100,100],"ix":3},"r":{"a":0,"k":0,"ix":6},"o":{"a":0,"k":100,"ix":7},"sk":{"a":0,"k":0,"ix":4},"sa":{"a":0,"k":0,"ix":5},"nm":"Transform"}],"nm":"Group 1","np":3,"cix":2,"bm":0,"ix":1,"mn":"ADBE Vector Group","hd":false}],"ip":64,"op":900,"st":0,"ct":1,"bm":0},{"ddd":0,"ind":5,"ty":4,"nm":"Layer 3 Outlines","parent":9,"sr":1,"ks":{"o":{"a":0,"k":100,"ix":11},"r":{"a":0,"k":0,"ix":10},"p":{"a":0,"k":[392.765,144.638,0],"ix":2,"l":2},"a":{"a":0,"k":[11.283,11.283,0],"ix":1,"l":2},"s":{"a":0,"k":[100,100,100],"ix":6,"l":2}},"ao":0,"shapes":[{"ty":"gr","it":[{"ind":0,"ty":"sh","ix":1,"ks":{"a":0,"k":{"i":[[-5.125,-0.274],[0.274,-5.125],[5.125,0.274],[-0.274,5.125]],"o":[[5.125,0.274],[-0.274,5.125],[-5.125,-0.274],[0.274,-5.125]],"v":[[0.497,-9.28],[9.28,0.496],[-0.496,9.28],[-9.279,-0.497]],"c":true},"ix":2},"nm":"Path 1","mn":"ADBE Vector Shape - Group","hd":false},{"ty":"st","c":{"a":0,"k":[0.235294132607,0.376470618154,0.650980392157,1],"ix":3},"o":{"a":0,"k":100,"ix":4},"w":{"a":0,"k":1.73,"ix":5},"lc":1,"lj":1,"ml":4,"bm":0,"nm":"Stroke 1","mn":"ADBE Vector Graphic - Stroke","hd":false},{"ty":"fl","c":{"a":0,"k":[0.129411764706,0.117647066303,0.121568634931,1],"ix":4},"o":{"a":0,"k":100,"ix":5},"r":1,"bm":0,"nm":"Fill 1","mn":"ADBE Vector Graphic - Fill","hd":false},{"ty":"tr","p":{"a":0,"k":[11.283,11.283],"ix":2},"a":{"a":0,"k":[0,0],"ix":1},"s":{"a":0,"k":[100,100],"ix":3},"r":{"a":0,"k":0,"ix":6},"o":{"a":0,"k":100,"ix":7},"sk":{"a":0,"k":0,"ix":4},"sa":{"a":0,"k":0,"ix":5},"nm":"Transform"}],"nm":"Group 1","np":3,"cix":2,"bm":0,"ix":1,"mn":"ADBE Vector Group","hd":false}],"ip":0,"op":64,"st":0,"ct":1,"bm":0},{"ddd":0,"ind":6,"ty":4,"nm":"Layer 4 Outlines 2","parent":8,"sr":1,"ks":{"o":{"a":0,"k":100,"ix":11},"r":{"a":0,"k":0,"ix":10},"p":{"a":0,"k":[212.484,90.639,0],"ix":2,"l":2},"a":{"a":0,"k":[213.963,92.118,0],"ix":1,"l":2},"s":{"a":0,"k":[100,100,100],"ix":6,"l":2}},"ao":0,"shapes":[{"ty":"gr","it":[{"ind":0,"ty":"sh","ix":1,"ks":{"a":0,"k":{"i":[[0,0],[0,0]],"o":[[0,0],[0,0]],"v":[[-188.038,-1.431],[-30.54,36.325]],"c":false},"ix":2},"nm":"Path 1","mn":"ADBE Vector Shape - Group","hd":false},{"ind":1,"ty":"sh","ix":2,"ks":{"a":0,"k":{"i":[[0,0],[0,0],[0,0]],"o":[[0,0],[0,0],[0,0]],"v":[[-188.038,-1.431],[-188.957,15.746],[-30.54,36.325]],"c":false},"ix":2},"nm":"Path 2","mn":"ADBE Vector Shape - Group","hd":false},{"ind":2,"ty":"sh","ix":3,"ks":{"a":0,"k":{"i":[[0,0],[0,0],[0,0]],"o":[[0,0],[0,0],[0,0]],"v":[[-200.58,-57.006],[-212.233,-7.231],[-188.038,-1.431]],"c":false},"ix":2},"nm":"Path 3","mn":"ADBE Vector Shape - Group","hd":false},{"ind":3,"ty":"sh","ix":4,"ks":{"a":0,"k":{"i":[[0,0],[0,0]],"o":[[0,0],[0,0]],"v":[[212.233,35.826],[-200.58,-57.006]],"c":false},"ix":2},"nm":"Path 4","mn":"ADBE Vector Shape - Group","hd":false},{"ind":4,"ty":"sh","ix":5,"ks":{"a":0,"k":{"i":[[0,0],[0,0],[5.624,1.186],[0,0],[1.831,-7.82],[0,0]],"o":[[0,0],[-2.479,-5.185],[0,0],[-7.859,-1.656],[0,0],[0,0]],"v":[[212.233,35.826],[193.711,-2.924],[180.857,-13.031],[-178.316,-88.732],[-195.749,-77.643],[-200.58,-57.006]],"c":false},"ix":2},"nm":"Path 5","mn":"ADBE Vector Shape - Group","hd":false},{"ind":5,"ty":"sh","ix":6,"ks":{"a":0,"k":{"i":[[0,0],[0,0],[0,0]],"o":[[0,0],[0,0],[0,0]],"v":[[212.233,35.826],[194.98,90.388],[-30.54,36.325]],"c":false},"ix":2},"nm":"Path 6","mn":"ADBE Vector Shape - Group","hd":false},{"ty":"mm","mm":1,"nm":"Merge Paths 1","mn":"ADBE Vector Filter - Merge","hd":false},{"ty":"st","c":{"a":0,"k":[0.129411764706,0.117647066303,0.121568634931,1],"ix":3},"o":{"a":0,"k":100,"ix":4},"w":{"a":0,"k":1.73,"ix":5},"lc":1,"lj":1,"ml":4,"bm":0,"nm":"Stroke 1","mn":"ADBE Vector Graphic - Stroke","hd":false},{"ty":"tr","p":{"a":0,"k":[213.963,92.118],"ix":2},"a":{"a":0,"k":[0,0],"ix":1},"s":{"a":0,"k":[100,100],"ix":3},"r":{"a":0,"k":0,"ix":6},"o":{"a":0,"k":100,"ix":7},"sk":{"a":0,"k":0,"ix":4},"sa":{"a":0,"k":0,"ix":5},"nm":"Transform"}],"nm":"Group 1","np":8,"cix":2,"bm":0,"ix":1,"mn":"ADBE Vector Group","hd":false}],"ip":64,"op":900,"st":0,"ct":1,"bm":0},{"ddd":0,"ind":7,"ty":4,"nm":"Layer 4 Outlines","parent":9,"sr":1,"ks":{"o":{"a":0,"k":100,"ix":11},"r":{"a":0,"k":0,"ix":10},"p":{"a":0,"k":[212.484,90.639,0],"ix":2,"l":2},"a":{"a":0,"k":[213.963,92.118,0],"ix":1,"l":2},"s":{"a":0,"k":[100,100,100],"ix":6,"l":2}},"ao":0,"shapes":[{"ty":"gr","it":[{"ind":0,"ty":"sh","ix":1,"ks":{"a":0,"k":{"i":[[0,0],[0,0]],"o":[[0,0],[0,0]],"v":[[-188.038,-1.431],[-30.54,36.325]],"c":false},"ix":2},"nm":"Path 1","mn":"ADBE Vector Shape - Group","hd":false},{"ind":1,"ty":"sh","ix":2,"ks":{"a":0,"k":{"i":[[0,0],[0,0],[0,0]],"o":[[0,0],[0,0],[0,0]],"v":[[-188.038,-1.431],[-188.957,15.746],[-30.54,36.325]],"c":false},"ix":2},"nm":"Path 2","mn":"ADBE Vector Shape - Group","hd":false},{"ind":2,"ty":"sh","ix":3,"ks":{"a":0,"k":{"i":[[0,0],[0,0],[0,0]],"o":[[0,0],[0,0],[0,0]],"v":[[-200.58,-57.006],[-212.233,-7.231],[-188.038,-1.431]],"c":false},"ix":2},"nm":"Path 3","mn":"ADBE Vector Shape - Group","hd":false},{"ind":3,"ty":"sh","ix":4,"ks":{"a":0,"k":{"i":[[0,0],[0,0]],"o":[[0,0],[0,0]],"v":[[212.233,35.826],[-200.58,-57.006]],"c":false},"ix":2},"nm":"Path 4","mn":"ADBE Vector Shape - Group","hd":false},{"ind":4,"ty":"sh","ix":5,"ks":{"a":0,"k":{"i":[[0,0],[0,0],[5.624,1.186],[0,0],[1.831,-7.82],[0,0]],"o":[[0,0],[-2.479,-5.185],[0,0],[-7.859,-1.656],[0,0],[0,0]],"v":[[212.233,35.826],[193.711,-2.924],[180.857,-13.031],[-178.316,-88.732],[-195.749,-77.643],[-200.58,-57.006]],"c":false},"ix":2},"nm":"Path 5","mn":"ADBE Vector Shape - Group","hd":false},{"ind":5,"ty":"sh","ix":6,"ks":{"a":0,"k":{"i":[[0,0],[0,0],[0,0]],"o":[[0,0],[0,0],[0,0]],"v":[[212.233,35.826],[194.98,90.388],[-30.54,36.325]],"c":false},"ix":2},"nm":"Path 6","mn":"ADBE Vector Shape - Group","hd":false},{"ty":"mm","mm":1,"nm":"Merge Paths 1","mn":"ADBE Vector Filter - Merge","hd":false},{"ty":"st","c":{"a":0,"k":[0.129411764706,0.117647066303,0.121568634931,1],"ix":3},"o":{"a":0,"k":100,"ix":4},"w":{"a":0,"k":1.73,"ix":5},"lc":1,"lj":1,"ml":4,"bm":0,"nm":"Stroke 1","mn":"ADBE Vector Graphic - Stroke","hd":false},{"ty":"tr","p":{"a":0,"k":[213.963,92.118],"ix":2},"a":{"a":0,"k":[0,0],"ix":1},"s":{"a":0,"k":[100,100],"ix":3},"r":{"a":0,"k":0,"ix":6},"o":{"a":0,"k":100,"ix":7},"sk":{"a":0,"k":0,"ix":4},"sa":{"a":0,"k":0,"ix":5},"nm":"Transform"}],"nm":"Group 1","np":8,"cix":2,"bm":0,"ix":1,"mn":"ADBE Vector Group","hd":false}],"ip":0,"op":64,"st":0,"ct":1,"bm":0},{"ddd":0,"ind":8,"ty":4,"nm":"Layer 5 Outlines 2","sr":1,"ks":{"o":{"a":0,"k":100,"ix":11},"r":{"a":1,"k":[{"i":{"x":[0.833],"y":[0.833]},"o":{"x":[0.167],"y":[0.167]},"t":27,"s":[-10]},{"t":64,"s":[0]}],"ix":10,"x":"var $bm_rt;\nvar amp, freq, decay, n, n, t, t, v;\ntry {\n    amp = $bm_div(effect('Elastic: Rotation')(1), 200);\n    freq = $bm_div(effect('Elastic: Rotation')(2), 30);\n    decay = $bm_div(effect('Elastic: Rotation')(3), 10);\n    $bm_rt = n = 0;\n    if (numKeys > 0) {\n        $bm_rt = n = nearestKey(time).index;\n        if (key(n).time > time) {\n            n--;\n        }\n    }\n    if (n == 0) {\n        $bm_rt = t = 0;\n    } else {\n        $bm_rt = t = $bm_sub(time, key(n).time);\n    }\n    if (n > 0) {\n        v = velocityAtTime($bm_sub(key(n).time, $bm_div(thisComp.frameDuration, 10)));\n        $bm_rt = $bm_sum(value, $bm_div($bm_mul($bm_mul(v, amp), Math.sin($bm_mul($bm_mul($bm_mul(freq, t), 2), Math.PI))), Math.exp($bm_mul(decay, t))));\n    } else {\n        $bm_rt = value;\n    }\n} catch (e$$4) {\n    $bm_rt = value = value;\n}"},"p":{"a":0,"k":[414.324,154.938,0],"ix":2,"l":2},"a":{"a":0,"k":[394.484,147.138,0],"ix":1,"l":2},"s":{"a":0,"k":[100,100,100],"ix":6,"l":2}},"ao":0,"ef":[{"ty":5,"nm":"Elastic: Rotation","np":5,"mn":"Pseudo/MDS Elastic Controller","ix":1,"en":1,"ef":[{"ty":0,"nm":"Amplitude","mn":"Pseudo/MDS Elastic Controller-0001","ix":1,"v":{"a":0,"k":20,"ix":1}},{"ty":0,"nm":"Frequency","mn":"Pseudo/MDS Elastic Controller-0002","ix":2,"v":{"a":0,"k":40,"ix":2}},{"ty":0,"nm":"Decay","mn":"Pseudo/MDS Elastic Controller-0003","ix":3,"v":{"a":0,"k":60,"ix":3}}]}],"shapes":[{"ty":"gr","it":[{"ind":0,"ty":"sh","ix":1,"ks":{"a":0,"k":{"i":[[0,0],[0,0],[0,0],[0,0],[0,0],[0,0],[0,0],[0,0],[-7.859,-1.657],[0,0],[-2.479,-5.186]],"o":[[0,0],[0,0],[0,0],[0,0],[0,0],[0,0],[0,0],[1.831,-7.821],[0,0],[5.624,1.185],[0,0]],"v":[[212.234,35.826],[194.98,90.389],[-30.539,36.326],[-188.956,15.747],[-188.037,-1.431],[-212.234,-7.232],[-200.579,-57.007],[-195.748,-77.643],[-178.316,-88.732],[180.857,-13.031],[193.712,-2.924]],"c":true},"ix":2},"nm":"Path 1","mn":"ADBE Vector Shape - Group","hd":false},{"ty":"fl","c":{"a":0,"k":[0.235294132607,0.376470618154,0.650980392157,1],"ix":4},"o":{"a":0,"k":100,"ix":5},"r":1,"bm":0,"nm":"Fill 1","mn":"ADBE Vector Graphic - Fill","hd":false},{"ty":"tr","p":{"a":0,"k":[212.484,90.638],"ix":2},"a":{"a":0,"k":[0,0],"ix":1},"s":{"a":0,"k":[100,100],"ix":3},"r":{"a":0,"k":0,"ix":6},"o":{"a":0,"k":100,"ix":7},"sk":{"a":0,"k":0,"ix":4},"sa":{"a":0,"k":0,"ix":5},"nm":"Transform"}],"nm":"Group 1","np":2,"cix":2,"bm":0,"ix":1,"mn":"ADBE Vector Group","hd":false}],"ip":64,"op":900,"st":0,"ct":1,"bm":0},{"ddd":0,"ind":9,"ty":4,"nm":"Layer 5 Outlines","sr":1,"ks":{"o":{"a":0,"k":100,"ix":11},"r":{"a":1,"k":[{"i":{"x":[0.667],"y":[1]},"o":{"x":[0.333],"y":[0]},"t":15,"s":[0]},{"i":{"x":[0.667],"y":[1]},"o":{"x":[0.333],"y":[0]},"t":38,"s":[-10]},{"i":{"x":[0.667],"y":[1]},"o":{"x":[0.333],"y":[0]},"t":43,"s":[-10]},{"t":64,"s":[0]}],"ix":10},"p":{"a":0,"k":[414.324,154.938,0],"ix":2,"l":2},"a":{"a":0,"k":[394.484,147.138,0],"ix":1,"l":2},"s":{"a":0,"k":[100,100,100],"ix":6,"l":2}},"ao":0,"shapes":[{"ty":"gr","it":[{"ind":0,"ty":"sh","ix":1,"ks":{"a":0,"k":{"i":[[0,0],[0,0],[0,0],[0,0],[0,0],[0,0],[0,0],[0,0],[-7.859,-1.657],[0,0],[-2.479,-5.186]],"o":[[0,0],[0,0],[0,0],[0,0],[0,0],[0,0],[0,0],[1.831,-7.821],[0,0],[5.624,1.185],[0,0]],"v":[[212.234,35.826],[194.98,90.389],[-30.539,36.326],[-188.956,15.747],[-188.037,-1.431],[-212.234,-7.232],[-200.579,-57.007],[-195.748,-77.643],[-178.316,-88.732],[180.857,-13.031],[193.712,-2.924]],"c":true},"ix":2},"nm":"Path 1","mn":"ADBE Vector Shape - Group","hd":false},{"ty":"fl","c":{"a":0,"k":[0.235294132607,0.376470618154,0.650980392157,1],"ix":4},"o":{"a":0,"k":100,"ix":5},"r":1,"bm":0,"nm":"Fill 1","mn":"ADBE Vector Graphic - Fill","hd":false},{"ty":"tr","p":{"a":0,"k":[212.484,90.638],"ix":2},"a":{"a":0,"k":[0,0],"ix":1},"s":{"a":0,"k":[100,100],"ix":3},"r":{"a":0,"k":0,"ix":6},"o":{"a":0,"k":100,"ix":7},"sk":{"a":0,"k":0,"ix":4},"sa":{"a":0,"k":0,"ix":5},"nm":"Transform"}],"nm":"Group 1","np":2,"cix":2,"bm":0,"ix":1,"mn":"ADBE Vector Group","hd":false}],"ip":0,"op":64,"st":0,"ct":1,"bm":0},{"ddd":0,"ind":10,"ty":4,"nm":"Layer 6 Outlines","sr":1,"ks":{"o":{"a":0,"k":100,"ix":11},"r":{"a":0,"k":0,"ix":10},"p":{"a":0,"k":[220.182,180.85,0],"ix":2,"l":2},"a":{"a":0,"k":[215.432,52.992,0],"ix":1,"l":2},"s":{"a":0,"k":[100,100,100],"ix":6,"l":2}},"ao":0,"shapes":[{"ty":"gr","it":[{"ind":0,"ty":"sh","ix":1,"ks":{"a":0,"k":{"i":[[0,0],[0,0]],"o":[[0,0],[0,0]],"v":[[-150.704,-11.032],[-152.944,-3.754]],"c":false},"ix":2},"nm":"Path 1","mn":"ADBE Vector Shape - Group","hd":false},{"ind":1,"ty":"sh","ix":2,"ks":{"a":0,"k":{"i":[[0,0],[0,0]],"o":[[0,0],[0,0]],"v":[[-145.009,-31.072],[-147.273,-23.333]],"c":false},"ix":2},"nm":"Path 2","mn":"ADBE Vector Shape - Group","hd":false},{"ind":2,"ty":"sh","ix":3,"ks":{"a":0,"k":{"i":[[0,0],[0,0]],"o":[[0,0],[0,0]],"v":[[213.703,31.124],[-213.703,17.038]],"c":false},"ix":2},"nm":"Path 3","mn":"ADBE Vector Shape - Group","hd":false},{"ind":3,"ty":"sh","ix":4,"ks":{"a":0,"k":{"i":[[0,0],[0,0],[0,0],[0,0]],"o":[[0,0],[0,0],[0,0],[0,0]],"v":[[213.703,31.124],[209.85,51.262],[-212.384,35.605],[-213.703,17.038]],"c":false},"ix":2},"nm":"Path 4","mn":"ADBE Vector Shape - Group","hd":false},{"ind":4,"ty":"sh","ix":5,"ks":{"a":0,"k":{"i":[[0,0],[0,0],[0,0],[1.653,-3.265],[0,0]],"o":[[0,0],[0,0],[-3.654,-0.196],[0,0],[0,0]],"v":[[213.703,31.124],[194.854,-31.381],[-173.049,-51.066],[-181.782,-46.017],[-213.703,17.038]],"c":false},"ix":2},"nm":"Path 5","mn":"ADBE Vector Shape - Group","hd":false},{"ty":"mm","mm":1,"nm":"Merge Paths 1","mn":"ADBE Vector Filter - Merge","hd":false},{"ty":"st","c":{"a":0,"k":[0.129411764706,0.117647066303,0.121568634931,1],"ix":3},"o":{"a":0,"k":100,"ix":4},"w":{"a":0,"k":1.73,"ix":5},"lc":2,"lj":1,"ml":4,"bm":0,"nm":"Stroke 1","mn":"ADBE Vector Graphic - Stroke","hd":false},{"ty":"tr","p":{"a":0,"k":[215.432,52.992],"ix":2},"a":{"a":0,"k":[0,0],"ix":1},"s":{"a":0,"k":[100,100],"ix":3},"r":{"a":0,"k":0,"ix":6},"o":{"a":0,"k":100,"ix":7},"sk":{"a":0,"k":0,"ix":4},"sa":{"a":0,"k":0,"ix":5},"nm":"Transform"}],"nm":"Group 1","np":7,"cix":2,"bm":0,"ix":1,"mn":"ADBE Vector Group","hd":false}],"ip":0,"op":900,"st":0,"ct":1,"bm":0},{"ddd":0,"ind":11,"ty":4,"nm":"Layer 7 Outlines","sr":1,"ks":{"o":{"a":0,"k":100,"ix":11},"r":{"a":0,"k":0,"ix":10},"p":{"a":0,"k":[220.182,180.851,0],"ix":2,"l":2},"a":{"a":0,"k":[213.952,51.513,0],"ix":1,"l":2},"s":{"a":0,"k":[100,100,100],"ix":6,"l":2}},"ao":0,"shapes":[{"ty":"gr","it":[{"ind":0,"ty":"sh","ix":1,"ks":{"a":0,"k":{"i":[[-3.654,-0.196],[0,0],[0,0],[0,0],[0,0],[0,0],[0,0]],"o":[[0,0],[0,0],[0,0],[0,0],[0,0],[0,0],[1.653,-3.265]],"v":[[-173.049,-51.066],[194.853,-31.38],[213.702,31.124],[209.85,51.262],[-212.384,35.604],[-213.702,17.038],[-181.781,-46.016]],"c":true},"ix":2},"nm":"Path 1","mn":"ADBE Vector Shape - Group","hd":false},{"ty":"fl","c":{"a":0,"k":[0.235294132607,0.376470618154,0.650980392157,1],"ix":4},"o":{"a":0,"k":100,"ix":5},"r":1,"bm":0,"nm":"Fill 1","mn":"ADBE Vector Graphic - Fill","hd":false},{"ty":"tr","p":{"a":0,"k":[213.952,51.513],"ix":2},"a":{"a":0,"k":[0,0],"ix":1},"s":{"a":0,"k":[100,100],"ix":3},"r":{"a":0,"k":0,"ix":6},"o":{"a":0,"k":100,"ix":7},"sk":{"a":0,"k":0,"ix":4},"sa":{"a":0,"k":0,"ix":5},"nm":"Transform"}],"nm":"Group 1","np":2,"cix":2,"bm":0,"ix":1,"mn":"ADBE Vector Group","hd":false}],"ip":0,"op":900,"st":0,"ct":1,"bm":0}],"markers":[]}